angle_fingers_lr:discrete,dist_fingers_lr:discrete,fingers:discrete,lm_fing_tip_rel_pos_x:discrete,lm_fing_tip_rel_pos_y:discrete,lm_fing_tip_rel_pos_z:discrete,rm_fing_tip_rel_pos_x:discrete,rm_fing_tip_rel_pos_y:discrete,rm_fing_tip_rel_pos_z:discrete,cls:nominal:class
25,7478,200,4142,-1818,10862,4142,-1818,10862,move1
25,7476,200,4078,-1770,10780,4078,-1770,10780,move1
24,7498,200,4063,-1743,10660,4063,-1743,10660,move1
24,7523,200,4100,-1687,10508,4100,-1687,10508,move1
24,7454,200,4178,-1652,10355,4178,-1652,10355,move1
23,7419,200,4256,-1561,10231,4256,-1561,10231,move1
23,7393,200,4341,-1460,10058,4341,-1460,10058,move1
23,7365,200,4410,-1344,9900,4410,-1344,9900,move1
24,7336,200,4443,-1256,9776,4443,-1256,9776,move1
24,7305,200,4459,-1144,9649,4459,-1144,9649,move1
25,7267,200,4441,-1072,9488,4441,-1072,9488,move1
25,7229,200,4420,-1041,9418,4420,-1041,9418,move1
26,7187,200,4378,-1039,9370,4378,-1039,9370,move1
26,7139,200,4321,-1072,9357,4321,-1072,9357,move1
26,7086,200,4251,-1084,9374,4251,-1084,9374,move1
27,7034,200,4173,-1076,9418,4173,-1076,9418,move1
27,6984,200,4076,-1069,9456,4076,-1069,9456,move1
27,6933,200,3959,-997,9489,3959,-997,9489,move1
27,6876,200,3842,-960,9523,3842,-960,9523,move1
27,6803,200,3707,-894,9568,3707,-894,9568,move1
27,6751,200,3581,-825,9614,3581,-825,9614,move1
26,6698,200,3450,-761,9684,3450,-761,9684,move1
26,6646,200,3334,-665,9720,3334,-665,9720,move1
25,6600,200,3247,-591,9737,3247,-591,9737,move1
25,6560,200,3176,-501,9744,3176,-501,9744,move1
25,6528,200,3113,-409,9725,3113,-409,9725,move1
25,6500,200,3057,-324,9662,3057,-324,9662,move1
25,6478,200,2997,-256,9597,2997,-256,9597,move1
25,6478,200,2936,-167,9543,2936,-167,9543,move1
24,6475,200,2881,-69,9500,2881,-69,9500,move1
23,6462,200,2836,3,9486,2836,3,9486,move1
22,6446,200,2790,88,9475,2790,88,9475,move1
22,6421,200,2738,157,9455,2738,157,9455,move1
21,6383,200,2699,270,9462,2699,270,9462,move1
21,6328,200,2641,439,9470,2641,439,9470,move1
21,6258,200,2555,589,9464,2555,589,9464,move1
20,6142,200,2451,780,9444,2451,780,9444,move1
21,5985,200,2348,980,9401,2348,980,9401,move1
22,5803,200,2233,1128,9334,2233,1128,9334,move1
22,5611,200,2164,1277,9315,2164,1277,9315,move1
23,5470,200,2119,1386,9345,2119,1386,9345,move1
23,5388,200,2112,1497,9400,2112,1497,9400,move1
23,5361,200,2092,1592,9382,2092,1592,9382,move1
23,5384,200,2101,1653,9434,2101,1653,9434,move1
23,5441,200,2104,1701,9481,2104,1701,9481,move1
22,5535,200,2124,1731,9539,2124,1731,9539,move1
23,5636,200,2146,1741,9604,2146,1741,9604,move1
23,5730,200,2157,1739,9659,2157,1739,9659,move1
22,5816,200,2170,1724,9687,2170,1724,9687,move1
22,5900,200,2192,1693,9703,2192,1693,9703,move1
22,5985,200,2219,1659,9726,2219,1659,9726,move1
22,6069,200,2247,1629,9759,2247,1629,9759,move1
23,6153,200,2280,1600,9766,2280,1600,9766,move1
23,6231,200,2312,1552,9781,2312,1552,9781,move1
24,6290,200,2354,1464,9802,2354,1464,9802,move1
24,6345,200,2393,1393,9817,2393,1393,9817,move1
24,6380,200,2430,1303,9827,2430,1303,9827,move1
23,6392,200,2466,1235,9827,2466,1235,9827,move1
24,6384,200,2504,1169,9831,2504,1169,9831,move1
24,6373,200,2563,1103,9849,2563,1103,9849,move1
24,6360,200,2623,1026,9858,2623,1026,9858,move1
25,6351,200,2659,967,9864,2659,967,9864,move1
25,6342,200,2698,895,9836,2698,895,9836,move1
26,6344,200,2731,844,9821,2731,844,9821,move1
26,6347,200,2777,809,9809,2777,809,9809,move1
26,6359,200,2834,788,9800,2834,788,9800,move1
26,6370,200,2896,767,9785,2896,767,9785,move1
26,6383,200,2940,773,9778,2940,773,9778,move1
26,6375,200,2976,785,9780,2976,785,9780,move1
26,6371,200,2992,838,9766,2992,838,9766,move1
26,6384,200,2975,921,9750,2975,921,9750,move1
26,6423,200,2969,966,9763,2969,966,9763,move1
26,6483,200,2943,977,9785,2943,977,9785,move1
26,6546,200,2904,965,9802,2904,965,9802,move1
26,6629,200,2890,950,9815,2890,950,9815,move1
26,6717,200,2890,911,9836,2890,911,9836,move1
26,6806,200,2906,851,9856,2906,851,9856,move1
26,6888,200,2941,786,9882,2941,786,9882,move1
26,6928,200,3012,692,9924,3012,692,9924,move1
26,6934,200,3072,601,9944,3072,601,9944,move1
26,6903,200,3112,501,9946,3112,501,9946,move1
26,6861,200,3137,386,9958,3137,386,9958,move1
25,6833,200,3166,241,9955,3166,241,9955,move1
25,6814,200,3179,83,9959,3179,83,9959,move1
25,6804,200,3178,-85,9982,3178,-85,9982,move1
25,6782,200,3151,-269,9992,3151,-269,9992,move1
24,6741,200,3032,-598,9905,3032,-598,9905,move1
24,6741,200,3028,-855,9976,3028,-855,9976,move1
24,6773,200,3041,-1065,10079,3041,-1065,10079,move1
24,6820,200,3065,-1236,10201,3065,-1236,10201,move1
24,6856,200,3058,-1400,10288,3058,-1400,10288,move1
24,6866,200,3025,-1587,10350,3025,-1587,10350,move1
24,6851,200,2967,-1807,10398,2967,-1807,10398,move1
24,6813,200,2904,-2016,10442,2904,-2016,10442,move1
24,6764,200,2834,-2247,10398,2834,-2247,10398,move1
25,6704,200,2772,-2461,10449,2772,-2461,10449,move1
25,6650,200,2724,-2604,10506,2724,-2604,10506,move1
25,6604,200,2687,-2735,10503,2687,-2735,10503,move1
24,6568,200,2665,-2743,10469,2665,-2743,10469,move1
24,6544,200,2645,-2718,10456,2645,-2718,10456,move1
24,6529,200,2629,-2653,10421,2629,-2653,10421,move1
24,6523,200,2624,-2586,10354,2624,-2586,10354,move1
24,6520,200,2640,-2529,10284,2640,-2529,10284,move1
24,6517,200,2665,-2453,10196,2665,-2453,10196,move1
23,6511,200,2712,-2384,10125,2712,-2384,10125,move1
23,6495,200,2771,-2302,10057,2771,-2302,10057,move1
23,6470,200,2830,-2219,10018,2830,-2219,10018,move1
23,6437,200,2862,-2119,9975,2862,-2119,9975,move1
22,6399,200,2868,-2013,9936,2868,-2013,9936,move1
22,6365,200,2863,-1880,9929,2863,-1880,9929,move1
22,6338,200,2852,-1744,9917,2852,-1744,9917,move1
22,6319,200,2841,-1611,9930,2841,-1611,9930,move1
22,6306,200,2792,-1479,9938,2792,-1479,9938,move1
21,6302,200,2741,-1361,9935,2741,-1361,9935,move1
21,6303,200,2694,-1258,9939,2694,-1258,9939,move1
21,6314,200,2654,-1165,9953,2654,-1165,9953,move1
20,6345,200,2622,-1084,9968,2622,-1084,9968,move1
20,6385,200,2602,-985,9995,2602,-985,9995,move1
20,6450,200,2607,-859,10053,2607,-859,10053,move1
20,6517,200,2583,-764,10080,2583,-764,10080,move1
20,6584,200,2560,-641,10083,2560,-641,10083,move1
20,6483,200,2527,-522,10054,2527,-522,10054,move1
20,6534,200,2503,-401,10018,2503,-401,10018,move1
20,6754,200,2507,-274,10005,2507,-274,10005,move1
20,6909,200,2520,-139,9979,2520,-139,9979,move1
19,7008,200,2559,29,9985,2559,29,9985,move1
20,7107,200,2605,191,10014,2605,191,10014,move1
21,7196,200,2644,330,10001,2644,330,10001,move1
21,7261,200,2693,450,9957,2693,450,9957,move1
22,7292,200,2761,548,9889,2761,548,9889,move1
22,7268,200,2827,592,9887,2827,592,9887,move1
22,7191,200,2913,608,9914,2913,608,9914,move1
23,7062,200,3004,624,10001,3004,624,10001,move1
23,6906,200,3099,515,9949,3099,515,9949,move1
23,6753,200,3173,372,9868,3173,372,9868,move1
23,6620,200,3223,247,9839,3223,247,9839,move1
24,6522,200,3258,104,9820,3258,104,9820,move1
24,6468,200,3280,-41,9848,3280,-41,9848,move1
24,6456,200,3284,-153,9935,3284,-153,9935,move1
24,6484,200,3278,-266,10016,3278,-266,10016,move1
25,6547,200,3264,-384,10089,3264,-384,10089,move1
25,6641,200,3237,-503,10134,3237,-503,10134,move1
25,6754,200,3209,-623,10184,3209,-623,10184,move1
26,6868,200,3170,-719,10236,3170,-719,10236,move1
26,6964,200,3111,-833,10298,3111,-833,10298,move1
26,7028,200,3053,-986,10349,3053,-986,10349,move1
26,7055,200,3000,-1129,10376,3000,-1129,10376,move1
27,7052,200,2954,-1304,10379,2954,-1304,10379,move1
27,7031,200,2942,-1475,10384,2942,-1475,10384,move1
26,7009,200,2946,-1613,10374,2946,-1613,10374,move1
27,6995,200,2959,-1741,10362,2959,-1741,10362,move1
28,6997,200,2975,-1852,10371,2975,-1852,10371,move1
28,7022,200,2999,-1976,10360,2999,-1976,10360,move1
29,7059,200,3024,-2095,10370,3024,-2095,10370,move1
29,7108,300,3050,-2226,10387,3050,-2226,10387,move1
30,7152,300,3085,-2368,10389,3085,-2368,10389,move1
30,7195,300,3122,-2494,10438,3122,-2494,10438,move1
31,7257,300,3159,-2584,10508,3159,-2584,10508,move1
31,7347,300,3201,-2661,10577,3201,-2661,10577,move1
32,7460,300,3242,-2746,10653,3242,-2746,10653,move1
32,7592,300,3285,-2800,10752,3285,-2800,10752,move1
33,7733,200,3327,-2864,10834,3327,-2864,10834,move1
33,7883,300,3363,-2921,10876,3363,-2921,10876,move1
33,8035,300,3405,-2957,10943,3405,-2957,10943,move1
33,8196,300,3460,-2976,10989,3460,-2976,10989,move1
34,8360,300,3509,-2994,10956,3509,-2994,10956,move1
34,8531,300,3576,-2970,10949,3576,-2970,10949,move1
35,8706,300,3651,-2938,10894,3651,-2938,10894,move1
35,8867,300,3723,-2916,10746,3723,-2916,10746,move1
35,9006,300,3789,-2902,10545,3789,-2902,10545,move1
35,9145,200,3862,-2860,10314,3862,-2860,10314,move1
35,9279,200,3948,-2801,10091,3948,-2801,10091,move1
35,9377,200,4068,-2640,9867,4068,-2640,9867,move1
35,9435,200,4174,-2501,9703,4174,-2501,9703,move1
36,9444,200,4274,-2310,9565,4274,-2310,9565,move1
36,9416,200,4358,-2139,9481,4358,-2139,9481,move1
37,9363,200,4430,-2001,9393,4430,-2001,9393,move1
36,9288,200,4477,-1863,9361,4477,-1863,9361,move1
36,9191,200,4526,-1738,9344,4526,-1738,9344,move1
35,9073,200,4564,-1617,9309,4564,-1617,9309,move1
35,8936,200,4567,-1443,9323,4567,-1443,9323,move1
35,8788,200,4536,-1253,9329,4536,-1253,9329,move1
34,8669,200,4451,-974,9320,4451,-974,9320,move1
34,8635,200,4326,-669,9311,4326,-669,9311,move1
33,8429,200,4140,-292,9393,4140,-292,9393,move1
33,8235,200,4001,-17,9481,4001,-17,9481,move1
33,8059,200,3845,196,9529,3845,196,9529,move1
32,7912,200,3681,381,9500,3681,381,9500,move1
31,7801,200,3511,508,9457,3511,508,9457,move1
31,7713,200,3348,623,9451,3348,623,9451,move1
30,7625,200,3192,704,9470,3192,704,9470,move1
30,7505,200,3064,747,9486,3064,747,9486,move1
29,7359,300,2956,769,9505,2956,769,9505,move1
29,7208,300,2890,768,9540,2890,768,9540,move1
29,7067,200,2850,736,9602,2850,736,9602,move1
29,6948,300,2857,672,9636,2857,672,9636,move1
29,6848,300,2921,569,9666,2921,569,9666,move1
28,6778,200,2997,403,9682,2997,403,9682,move1
28,6774,200,3155,227,9671,3155,227,9671,move1
27,6819,200,3353,67,9631,3353,67,9631,move1
27,6881,200,3532,-98,9578,3532,-98,9578,move1
26,6960,200,3727,-239,9472,3727,-239,9472,move1
25,7043,200,3909,-387,9372,3909,-387,9372,move1
24,7132,200,4075,-576,9272,4075,-576,9272,move1
23,7228,200,4218,-851,9195,4218,-851,9195,move1
22,7315,200,4343,-1088,9112,4343,-1088,9112,move1
21,7406,200,4471,-1336,8997,4471,-1336,8997,move1
20,7491,200,4588,-1631,8838,4588,-1631,8838,move1
18,7570,200,4661,-1939,8793,4661,-1939,8793,move1
17,7620,200,4682,-2337,8821,4682,-2337,8821,move1
16,7655,200,4650,-2757,8923,4650,-2757,8923,move1
14,7684,200,4597,-3109,9061,4597,-3109,9061,move1
13,7715,200,4501,-3432,9223,4501,-3432,9223,move1
12,7745,200,4344,-3764,9370,4344,-3764,9370,move1
11,7771,200,4166,-4056,9424,4166,-4056,9424,move1
9,7796,200,3873,-4360,9575,3873,-4360,9575,move1
8,7827,200,3642,-4603,9677,3642,-4603,9677,move1
7,7855,200,3417,-4781,9789,3417,-4781,9789,move1
6,7864,200,3206,-4897,9866,3206,-4897,9866,move1
5,7863,200,2997,-4948,9949,2997,-4948,9949,move1
5,7901,200,2805,-4966,10045,2805,-4966,10045,move1
5,7945,200,2644,-4961,10126,2644,-4961,10126,move1
6,8018,200,2499,-4923,10229,2499,-4923,10229,move1
6,8109,200,2395,-4844,10346,2395,-4844,10346,move1
7,8216,200,2340,-4753,10437,2340,-4753,10437,move1
8,8333,200,2322,-4610,10513,2322,-4610,10513,move1
10,8463,200,2303,-4395,10491,2303,-4395,10491,move1
11,8907,200,2254,-4153,10661,2254,-4153,10661,move1
12,8880,200,2286,-3910,10777,2286,-3910,10777,move1
13,8883,200,2305,-3732,10818,2305,-3732,10818,move1
14,8587,200,2343,-3544,10768,2343,-3544,10768,move1
14,8745,200,2406,-3311,10632,2406,-3311,10632,move1
15,8859,200,2459,-3074,10487,2459,-3074,10487,move1
16,8922,200,2491,-2848,10361,2491,-2848,10361,move1
17,8943,200,2484,-2632,10272,2484,-2632,10272,move1
17,8936,200,2455,-2436,10218,2455,-2436,10218,move1
17,8912,200,2425,-2267,10196,2425,-2267,10196,move1
18,8880,200,2406,-2125,10175,2406,-2125,10175,move1
18,8834,200,2407,-1987,10133,2407,-1987,10133,move1
18,8742,200,2415,-1843,10084,2415,-1843,10084,move1
18,8604,200,2479,-1681,10062,2479,-1681,10062,move1
18,8445,200,2601,-1472,10043,2601,-1472,10043,move1
18,8302,200,2701,-1260,10025,2701,-1260,10025,move1
18,8221,200,2797,-1086,10016,2797,-1086,10016,move1
18,8216,200,2936,-946,9995,2936,-946,9995,move1
17,8281,200,3040,-829,9977,3040,-829,9977,move1
17,8387,200,3154,-717,9975,3154,-717,9975,move1
17,8466,200,3229,-619,9950,3229,-619,9950,move1
17,8531,200,3290,-539,9920,3290,-539,9920,move1
17,8544,200,3342,-469,9876,3342,-469,9876,move1
17,8547,200,3379,-416,9851,3379,-416,9851,move1
16,8526,200,3428,-370,9799,3428,-370,9799,move1
16,8463,200,3449,-330,9761,3449,-330,9761,move1
15,8352,200,3412,-264,9728,3412,-264,9728,move1
15,8209,200,3386,-207,9696,3386,-207,9696,move1
14,7961,200,3311,-123,9680,3311,-123,9680,move1
13,7682,200,3241,-43,9675,3241,-43,9675,move1
14,7401,200,3172,19,9702,3172,19,9702,move1
14,7158,200,3089,66,9733,3089,66,9733,move1
14,6926,200,3043,116,9780,3043,116,9780,move1
14,6767,200,3025,167,9807,3025,167,9807,move1
15,6649,200,3040,228,9829,3040,228,9829,move1
16,6554,200,3070,302,9855,3070,302,9855,move1
17,6476,200,3142,402,9883,3142,402,9883,move1
18,6406,200,3217,494,9920,3217,494,9920,move1
18,6312,200,3255,586,9970,3255,586,9970,move1
18,6237,200,3263,676,10025,3263,676,10025,move1
19,6177,200,3257,751,10080,3257,751,10080,move1
19,6110,200,3255,800,10115,3255,800,10115,move1
19,6037,200,3288,782,10077,3288,782,10077,move1
19,5882,200,3334,737,10068,3334,737,10068,move1
19,5731,200,3407,662,10063,3407,662,10063,move1
19,5601,200,3491,554,10087,3491,554,10087,move1
20,5522,200,3561,358,10105,3561,358,10105,move1
20,5474,200,3618,147,10123,3618,147,10123,move1
20,5443,200,3673,-38,10095,3673,-38,10095,move1
20,5433,200,3719,-280,10021,3719,-280,10021,move1
21,5437,200,3755,-509,9975,3755,-509,9975,move1
21,5460,200,3774,-722,9936,3774,-722,9936,move1
21,5497,200,3755,-989,9922,3755,-989,9922,move1
22,5539,200,3708,-1269,9924,3708,-1269,9924,move1
22,5582,200,3672,-1496,9999,3672,-1496,9999,move1
23,5608,200,3636,-1713,10041,3636,-1713,10041,move1
23,5623,200,3611,-1869,10111,3611,-1869,10111,move1
24,5613,200,3583,-2032,10141,3583,-2032,10141,move1
24,5367,200,3213,-2033,10201,3213,-2033,10201,move1
25,5295,200,3226,-2224,10308,3226,-2224,10308,move1
25,5271,200,3257,-2409,10488,3257,-2409,10488,move1
26,5280,200,3250,-2606,10618,3250,-2606,10618,move1
26,5299,200,3228,-2813,10738,3228,-2813,10738,move1
26,5333,200,3218,-3040,10901,3218,-3040,10901,move1
27,5350,200,3187,-3264,11031,3187,-3264,11031,move1
27,5377,200,3139,-3459,11120,3139,-3459,11120,move1
27,5392,200,3082,-3634,11188,3082,-3634,11188,move1
28,5402,200,3026,-3795,11229,3026,-3795,11229,move1
28,5407,200,2960,-3941,11123,2960,-3941,11123,move1
29,5408,200,2903,-4091,11065,2903,-4091,11065,move1
29,5402,200,2845,-4253,10970,2845,-4253,10970,move1
29,5399,200,2803,-4424,10909,2803,-4424,10909,move1
29,5422,200,2781,-4592,10810,2781,-4592,10810,move1
28,5447,200,2784,-4749,10668,2784,-4749,10668,move1
28,5480,200,2831,-4886,10477,2831,-4886,10477,move1
27,5519,200,2873,-5009,10377,2873,-5009,10377,move1
27,5559,200,2908,-5101,10387,2908,-5101,10387,move1
26,5605,200,2948,-5183,10312,2948,-5183,10312,move1
26,5653,200,3003,-5239,10200,3003,-5239,10200,move1
26,5700,200,3075,-5279,10117,3075,-5279,10117,move1
25,5744,200,3153,-5305,9990,3153,-5305,9990,move1
25,5792,200,3239,-5293,9844,3239,-5293,9844,move1
25,5836,200,3314,-5275,9685,3314,-5275,9685,move1
24,5883,200,3387,-5261,9560,3387,-5261,9560,move1
24,5930,200,3438,-5250,9422,3438,-5250,9422,move1
23,5971,200,3486,-5221,9292,3486,-5221,9292,move1
23,6004,200,3541,-5204,9193,3541,-5204,9193,move1
23,6027,200,3586,-5166,9106,3586,-5166,9106,move1
23,6036,200,3607,-5108,9045,3607,-5108,9045,move1
23,6031,200,3650,-5062,9030,3650,-5062,9030,move1
23,6011,200,3680,-5024,9009,3680,-5024,9009,move1
22,5980,200,3749,-4973,8987,3749,-4973,8987,move1
22,5961,200,3770,-4927,9000,3770,-4927,9000,move1
22,5984,200,3659,-4844,9139,3659,-4844,9139,move1
22,6104,200,3603,-4763,9257,3603,-4763,9257,move1
22,6330,200,3518,-4687,9394,3518,-4687,9394,move1
21,6618,200,3589,-4606,9428,3589,-4606,9428,move1
20,6836,200,3553,-4548,9504,3553,-4548,9504,move1
19,7693,200,3349,-4473,9621,3349,-4473,9621,move1
18,6601,200,2975,-4347,9838,2975,-4347,9838,move1
17,6942,200,2677,-4199,9954,2677,-4199,9954,move1
16,7056,200,2405,-3989,10079,2405,-3989,10079,move1
15,7103,200,2195,-3769,10174,2195,-3769,10174,move1
14,7157,200,2011,-3546,10230,2011,-3546,10230,move1
12,7188,200,1869,-3357,10308,1869,-3357,10308,move1
11,7197,200,1764,-3201,10373,1764,-3201,10373,move1
18,7260,200,3709,-6158,9515,3709,-6158,9515,move2
18,7236,200,3654,-5995,9607,3654,-5995,9607,move2
18,7160,200,3746,-5746,9700,3746,-5746,9700,move2
18,7055,200,3827,-5457,9703,3827,-5457,9703,move2
18,6958,200,3897,-5179,9722,3897,-5179,9722,move2
17,6857,200,3975,-4847,9784,3975,-4847,9784,move2
17,6766,200,4037,-4439,9839,4037,-4439,9839,move2
17,6678,200,4077,-3968,9854,4077,-3968,9854,move2
17,6586,200,4160,-3433,9906,4160,-3433,9906,move2
17,6487,200,4213,-2934,9884,4213,-2934,9884,move2
18,6385,200,4286,-2348,9747,4286,-2348,9747,move2
19,6305,200,4339,-1889,9624,4339,-1889,9624,move2
20,6209,200,4331,-1555,9452,4331,-1555,9452,move2
20,6095,200,4347,-1284,9335,4347,-1284,9335,move2
21,5940,200,4341,-1000,9146,4341,-1000,9146,move2
22,5788,200,4344,-737,9071,4344,-737,9071,move2
22,5701,200,4371,-431,8990,4371,-431,8990,move2
23,5699,200,4446,-140,9056,4446,-140,9056,move2
23,5791,200,4504,144,9123,4504,144,9123,move2
24,5916,200,4516,352,9184,4516,352,9184,move2
25,6023,200,4480,477,9234,4480,477,9234,move2
25,6124,200,4391,509,9306,4391,509,9306,move2
26,6180,200,4274,514,9347,4274,514,9347,move2
27,6201,200,4205,512,9381,4205,512,9381,move2
27,6189,200,4098,510,9405,4098,510,9405,move2
27,6140,200,3991,489,9415,3991,489,9415,move2
27,6108,200,3890,418,9433,3890,418,9433,move2
27,6144,200,3869,243,9425,3869,243,9425,move2
26,6294,200,3945,0,9371,3945,0,9371,move2
26,6541,200,4003,-260,9332,4003,-260,9332,move2
17,6828,200,4055,-607,9325,4055,-607,9325,move2
0,0,100,4039,-1039,9386,4039,-1039,9386,move2
0,0,100,4029,-1354,9417,4029,-1354,9417,move2
8,6916,200,4003,-1666,9447,4003,-1666,9447,move2
3,7202,300,3938,-1897,9458,3938,-1897,9458,move2
4,7447,300,3844,-2002,9472,3844,-2002,9472,move2
7,7660,300,3722,-2042,9489,3722,-2042,9489,move2
41,11984,400,6296,3387,3085,6296,3387,3085,move2
46,12583,400,6520,3203,3079,6520,3203,3079,move2
52,13126,400,6708,3075,3030,6708,3075,3030,move2
56,13492,400,6819,2903,2982,6819,2903,2982,move2
61,13742,400,6918,2743,2899,6918,2743,2899,move2
90,15323,500,6986,2602,2825,6986,2602,2825,move2
91,15369,500,7008,2501,2749,7008,2501,2749,move2
92,15409,500,7012,2398,2653,7012,2398,2653,move2
92,15396,500,6965,2348,2559,6965,2348,2559,move2
92,15311,500,6890,2325,2459,6890,2325,2459,move2
92,15133,500,6776,2316,2383,6776,2316,2383,move2
91,14884,500,6688,2339,2294,6688,2339,2294,move2
88,14492,500,6602,2331,2279,6602,2331,2279,move2
74,13148,400,6571,2327,2264,6571,2327,2264,move2
73,13069,400,6649,2283,2343,6649,2283,2343,move2
74,12947,400,6748,2228,2493,6748,2228,2493,move2
75,12807,400,6878,2089,2597,6878,2089,2597,move2
78,12463,400,7015,1924,2726,7015,1924,2726,move2
82,12258,400,7115,1773,2872,7115,1773,2872,move2
86,12305,400,7214,1737,2922,7214,1737,2922,move2
89,12514,400,7402,1702,3078,7402,1702,3078,move2
94,12686,400,7615,1673,3216,7615,1673,3216,move2
97,12822,400,7815,1560,3389,7815,1560,3389,move2
102,12928,400,8013,1395,3581,8013,1395,3581,move2
106,12945,400,8201,1277,3758,8201,1277,3758,move2
111,12890,400,8346,1153,3943,8346,1153,3943,move2
84,14680,300,8470,1037,4070,8470,1037,4070,move2
84,14711,400,8473,940,4173,8473,940,4173,move2
85,14773,400,8469,907,4280,8469,907,4280,move2
85,14787,300,8343,852,4361,8343,852,4361,move2
86,14792,300,8188,812,4406,8188,812,4406,move2
87,14780,300,8011,785,4428,8011,785,4428,move2
87,14746,300,7831,751,4435,7831,751,4435,move2
87,14723,300,7644,726,4414,7644,726,4414,move2
88,14704,300,7492,707,4396,7492,707,4396,move2
88,14678,400,7361,705,4384,7361,705,4384,move2
89,14712,400,7151,716,4307,7151,716,4307,move2
89,14690,400,6930,772,4201,6930,772,4201,move2
89,14649,400,6732,824,4111,6732,824,4111,move2
89,14578,400,6547,882,4003,6547,882,4003,move2
90,14458,400,6373,962,3930,6373,962,3930,move2
90,14267,400,6227,1064,3837,6227,1064,3837,move2
87,11606,400,6058,1135,3747,6058,1135,3747,move2
84,11112,400,5998,1232,3668,5998,1232,3668,move2
81,11410,400,5969,1283,3613,5969,1283,3613,move2
79,11721,400,5942,1335,3560,5942,1335,3560,move2
77,11950,400,5962,1381,3519,5962,1381,3519,move2
75,12087,400,6051,1416,3477,6051,1416,3477,move2
73,12149,400,6160,1437,3395,6160,1437,3395,move2
72,12162,400,6320,1418,3323,6320,1418,3323,move2
71,12146,400,6516,1422,3282,6516,1422,3282,move2
70,12110,400,6729,1406,3230,6729,1406,3230,move2
70,12056,400,6916,1388,3175,6916,1388,3175,move2
70,12027,400,7135,1330,3163,7135,1330,3163,move2
69,12018,400,7407,1183,3139,7407,1183,3139,move2
68,11989,400,7618,1037,3108,7618,1037,3108,move2
77,11965,400,7825,826,3119,7825,826,3119,move2
80,11932,400,7983,565,3128,7983,565,3128,move2
82,11897,400,8141,187,3182,8141,187,3182,move2
92,14118,300,8192,-156,3219,8192,-156,3219,move2
92,14158,300,8213,-524,3229,8213,-524,3229,move2
92,14203,300,8129,-949,3236,8129,-949,3236,move2
92,14262,300,8014,-1393,3244,8014,-1393,3244,move2
93,14325,300,7901,-1852,3280,7901,-1852,3280,move2
93,14413,300,7767,-2237,3258,7767,-2237,3258,move2
93,14508,300,7661,-2554,3238,7661,-2554,3238,move2
94,14604,300,7600,-2791,3262,7600,-2791,3262,move2
94,14700,300,7581,-2952,3219,7581,-2952,3219,move2
95,14791,300,7578,-3085,3212,7578,-3085,3212,move2
95,14867,300,7597,-3168,3183,7597,-3168,3183,move2
96,14919,300,7642,-3187,3183,7642,-3187,3183,move2
96,14943,300,7681,-3134,3179,7681,-3134,3179,move2
95,14937,300,7700,-2978,3170,7700,-2978,3170,move2
94,14889,300,7727,-2670,3191,7727,-2670,3191,move2
93,14790,300,7741,-2236,3189,7741,-2236,3189,move2
92,14669,300,7744,-1829,3208,7744,-1829,3208,move2
89,14475,300,7674,-1236,3235,7674,-1236,3235,move2
86,14297,300,7576,-695,3226,7576,-695,3226,move2
82,14146,300,7437,-122,3204,7437,-122,3204,move2
79,14002,400,7232,456,3142,7232,456,3142,move2
75,13881,400,6979,1015,3124,6979,1015,3124,move2
71,13810,400,6704,1511,3111,6704,1511,3111,move2
68,13528,400,6386,1946,3074,6386,1946,3074,move2
65,13551,400,6138,2288,3047,6138,2288,3047,move2
62,13520,400,5903,2557,3042,5903,2557,3042,move2
60,13496,400,5720,2755,3015,5720,2755,3015,move2
59,13470,400,5604,2868,3048,5604,2868,3048,move2
59,13443,400,5566,2909,3109,5566,2909,3109,move2
59,13375,400,5622,2867,3171,5622,2867,3171,move2
59,13357,400,5764,2732,3245,5764,2732,3245,move2
60,13346,400,5959,2523,3285,5959,2523,3285,move2
68,9854,400,6180,2304,3305,6180,2304,3305,move2
84,10069,400,6411,2065,3276,6411,2065,3276,move2
99,10278,400,6637,1818,3170,6637,1818,3170,move2
93,10482,400,6857,1537,3055,6857,1537,3055,move2
70,13970,400,7069,1262,3015,7069,1262,3015,move2
72,14159,400,7237,1016,2944,7237,1016,2944,move2
75,14336,400,7375,780,2885,7375,780,2885,move2
77,14485,400,7522,517,2872,7522,517,2872,move2
79,14627,400,7627,271,2852,7627,271,2852,move2
81,14784,400,7758,37,2850,7758,37,2850,move2
82,14981,400,7853,-170,2823,7853,-170,2823,move2
84,15113,400,7920,-356,2852,7920,-356,2852,move2
86,15228,400,7983,-524,2902,7983,-524,2902,move2
87,15322,400,8017,-675,2958,8017,-675,2958,move2
88,15405,400,8040,-834,3035,8040,-834,3035,move2
90,15502,400,8052,-1000,3101,8052,-1000,3101,move2
91,15588,400,8046,-1170,3159,8046,-1170,3159,move2
92,15607,400,8012,-1308,3251,8012,-1308,3251,move2
93,15577,400,7954,-1478,3326,7954,-1478,3326,move2
94,15507,400,7885,-1660,3396,7885,-1660,3396,move2
95,15434,400,7821,-1836,3456,7821,-1836,3456,move2
96,15345,400,7744,-1955,3502,7744,-1955,3502,move2
96,15253,400,7639,-2002,3539,7639,-2002,3539,move2
97,15161,400,7536,-1999,3553,7536,-1999,3553,move2
97,15068,400,7428,-1921,3606,7428,-1921,3606,move2
96,15000,400,7304,-1773,3624,7304,-1773,3624,move2
95,14918,300,7174,-1537,3690,7174,-1537,3690,move2
94,14796,300,7007,-1202,3760,7007,-1202,3760,move2
92,14634,400,6808,-800,3817,6808,-800,3817,move2
90,14406,400,6586,-407,3876,6586,-407,3876,move2
88,14111,400,6369,-85,3921,6369,-85,3921,move2
87,13777,400,6157,127,3954,6157,127,3954,move2
85,13429,400,5970,265,3982,5970,265,3982,move2
84,13090,400,5803,353,4009,5803,353,4009,move2
83,12768,400,5626,420,4039,5626,420,4039,move2
82,12467,400,5424,481,4069,5424,481,4069,move2
80,12161,400,5217,557,4122,5217,557,4122,move2
78,11869,400,5049,628,4177,5049,628,4177,move2
77,11607,400,4919,683,4223,4919,683,4223,move2
75,11368,400,4816,715,4242,4816,715,4242,move2
73,11171,400,4743,720,4260,4743,720,4260,move2
72,11010,400,4681,737,4283,4681,737,4283,move2
62,8445,400,4636,745,4300,4636,745,4300,move2
71,8282,400,4591,763,4323,4591,763,4323,move2
63,8095,400,4568,777,4329,4568,777,4329,move2
75,7917,400,4554,790,4344,4554,790,4344,move2
87,7750,400,4571,801,4343,4571,801,4343,move2
77,7609,400,4616,808,4325,4616,808,4325,move2
83,7497,400,4674,822,4295,4674,822,4295,move2
93,7418,400,4789,837,4265,4789,837,4265,move2
101,7493,400,4961,856,4203,4961,856,4203,move2
109,7611,400,5169,896,4106,5169,896,4106,move2
66,10673,300,5425,929,3985,5425,929,3985,move2
111,8335,400,5642,960,3857,5642,960,3857,move2
116,8794,400,5860,1010,3702,5860,1010,3702,move2
115,9230,400,6108,1008,3534,6108,1008,3534,move2
69,11531,300,6351,993,3357,6351,993,3357,move2
111,10050,400,6585,988,3189,6585,988,3189,move2
107,10368,400,6805,979,3024,6805,979,3024,move2
107,10632,400,7019,932,2886,7019,932,2886,move2
74,12833,300,7197,904,2727,7197,904,2727,move2
76,13116,300,7367,905,2637,7367,905,2637,move2
77,13362,400,7504,908,2552,7504,908,2552,move2
78,13572,300,7641,886,2517,7641,886,2517,move2
80,13762,300,7777,841,2471,7777,841,2471,move2
81,13928,300,7866,836,2430,7866,836,2430,move2
82,14075,300,7962,771,2419,7962,771,2419,move2
84,14191,300,8056,675,2443,8056,675,2443,move2
85,14286,300,8081,545,2450,8081,545,2450,move2
86,14356,300,8079,366,2500,8079,366,2500,move2
88,14402,300,8056,195,2551,8056,195,2551,move2
89,14440,300,8037,0,2626,8037,0,2626,move2
90,14481,300,7994,-192,2654,7994,-192,2654,move2
91,14520,300,7976,-381,2722,7976,-381,2722,move2
93,14565,300,7988,-537,2792,7988,-537,2792,move2
94,14607,300,8032,-608,2876,8032,-608,2876,move2
95,14641,300,8050,-594,2904,8050,-594,2904,move2
95,14661,300,8070,-508,2927,8070,-508,2927,move2
96,14642,300,8058,-334,2916,8058,-334,2916,move2
96,14576,300,8026,-117,2924,8026,-117,2924,move2
95,14474,300,7974,146,2936,7974,146,2936,move2
94,14308,300,7869,474,2985,7869,474,2985,move2
93,14127,300,7714,820,3037,7714,820,3037,move2
92,13939,300,7513,1187,3140,7513,1187,3140,move2
91,13758,300,7282,1524,3207,7282,1524,3207,move2
89,13579,300,7028,1831,3282,7028,1831,3282,move2
88,13446,300,6802,2088,3341,6802,2088,3341,move2
86,13264,300,6578,2305,3445,6578,2305,3445,move2
85,13099,300,6364,2494,3540,6364,2494,3540,move2
83,12966,300,6205,2634,3629,6205,2634,3629,move2
82,12875,300,6075,2740,3703,6075,2740,3703,move2
81,12818,300,5977,2822,3800,5977,2822,3800,move2
80,12782,300,5907,2885,3900,5907,2885,3900,move2
79,12748,300,5861,2933,4026,5861,2933,4026,move2
78,12723,300,5821,2977,4091,5821,2977,4091,move2
77,12718,300,5790,2997,4144,5790,2997,4144,move2
77,12710,300,5763,3011,4218,5763,3011,4218,move2
76,12692,300,5731,3023,4284,5731,3023,4284,move2
75,12675,300,5691,3042,4350,5691,3042,4350,move2
74,12660,300,5628,3059,4387,5628,3059,4387,move2
74,12640,300,5536,3097,4425,5536,3097,4425,move2
73,12650,300,5444,3140,4457,5444,3140,4457,move2
51,13423,400,5354,3166,4504,5354,3166,4504,move2
48,13297,400,5281,3170,4501,5281,3170,4501,move2
45,13185,400,5224,3164,4504,5224,3164,4504,move2
44,13082,400,5176,3124,4477,5176,3124,4477,move2
42,12986,400,5149,3066,4462,5149,3066,4462,move2
41,12895,400,5138,2977,4458,5138,2977,4458,move2
40,12806,400,5160,2875,4485,5160,2875,4485,move2
40,12710,400,5190,2759,4470,5190,2759,4470,move2
39,12601,400,5235,2627,4421,5235,2627,4421,move2
37,12480,400,5288,2489,4385,5288,2489,4385,move2
36,12347,400,5370,2340,4350,5370,2340,4350,move2
35,12209,400,5477,2186,4289,5477,2186,4289,move2
33,12076,400,5592,2050,4164,5592,2050,4164,move2
32,11962,400,5737,1906,4066,5737,1906,4066,move2
40,11879,400,5911,1706,3998,5911,1706,3998,move2
40,11833,400,6052,1558,3897,6052,1558,3897,move2
44,10990,300,2954,-5378,8849,2954,-5378,8849,move2
57,11930,400,6460,1202,3854,6460,1202,3854,move2
65,11986,400,6615,903,3690,6615,903,3690,move2
72,12055,400,6731,628,3578,6731,628,3578,move2
62,13688,300,6853,227,3472,6853,227,3472,move2
62,13846,300,6983,-227,3412,6983,-227,3412,move2
61,13996,300,7057,-660,3333,7057,-660,3333,move2
61,14128,300,7082,-1086,3263,7082,-1086,3263,move2
61,14230,300,7076,-1486,3205,7076,-1486,3205,move2
60,14288,300,7036,-1878,3178,7036,-1878,3178,move2
60,14293,300,6968,-2224,3141,6968,-2224,3141,move2
60,14236,300,6885,-2527,3114,6885,-2527,3114,move2
61,14146,300,6794,-2800,3126,6794,-2800,3126,move2
61,14047,300,6701,-2999,3134,6701,-2999,3134,move2
62,13969,300,6618,-3137,3160,6618,-3137,3160,move2
62,13925,300,6540,-3224,3209,6540,-3224,3209,move2
63,13909,300,6472,-3297,3290,6472,-3297,3290,move2
64,13896,300,6391,-3346,3354,6391,-3346,3354,move2
64,13887,300,6312,-3398,3424,6312,-3398,3424,move2
65,13866,300,6238,-3460,3487,6238,-3460,3487,move2
66,13841,300,6173,-3501,3560,6173,-3501,3560,move2
66,13833,300,6120,-3542,3601,6120,-3542,3601,move2
67,13807,300,6081,-3595,3641,6081,-3595,3641,move2
68,13765,300,6048,-3639,3673,6048,-3639,3673,move2
69,13710,300,6023,-3692,3705,6023,-3692,3705,move2
70,13662,300,5991,-3754,3767,5991,-3754,3767,move2
71,13609,300,5944,-3826,3819,5944,-3826,3819,move2
72,13767,300,5899,-3895,3850,5899,-3895,3850,move2
73,13836,300,5878,-3933,3884,5878,-3933,3884,move2
73,13609,300,5887,-3921,3886,5887,-3921,3886,move2
74,13364,300,5926,-3874,3880,5926,-3874,3880,move2
75,13226,300,5978,-3811,3871,5978,-3811,3871,move2
76,13183,300,6056,-3716,3869,6056,-3716,3869,move2
77,13155,300,6124,-3626,3859,6124,-3626,3859,move2
78,13131,300,6194,-3533,3823,6194,-3533,3823,move2
78,13106,300,6254,-3414,3790,6254,-3414,3790,move2
79,13083,300,6331,-3249,3691,6331,-3249,3691,move2
80,13058,300,6409,-3075,3638,6409,-3075,3638,move2
80,13028,300,6498,-2870,3595,6498,-2870,3595,move2
80,12992,300,6580,-2665,3569,6580,-2665,3569,move2
80,12952,300,6674,-2432,3538,6674,-2432,3538,move2
80,12909,300,6775,-2196,3535,6775,-2196,3535,move2
80,12868,300,6866,-1969,3517,6866,-1969,3517,move2
79,12825,300,6942,-1701,3484,6942,-1701,3484,move2
78,12773,300,7029,-1357,3482,7029,-1357,3482,move2
77,12702,300,7097,-996,3476,7097,-996,3476,move2
75,12637,300,7163,-609,3446,7163,-609,3446,move2
73,12575,300,7220,-236,3464,7220,-236,3464,move2
71,12556,300,7261,94,3467,7261,94,3467,move2
69,12582,300,7262,365,3448,7262,365,3448,move2
67,12673,300,7250,631,3394,7250,631,3394,move2
65,12749,300,7198,912,3387,7198,912,3387,move2
63,12825,300,7107,1225,3397,7107,1225,3397,move2
61,12881,300,6996,1512,3398,6996,1512,3398,move2
59,12937,300,6882,1746,3369,6882,1746,3369,move2
58,12986,300,6777,1968,3350,6777,1968,3350,move2
56,13048,300,6674,2189,3294,6674,2189,3294,move2
55,13078,300,6582,2406,3241,6582,2406,3241,move2
54,13139,300,6507,2604,3179,6507,2604,3179,move2
54,13191,300,6438,2788,3130,6438,2788,3130,move2
54,13281,300,6379,2978,3063,6379,2978,3063,move2
53,13359,300,6324,3147,3019,6324,3147,3019,move2
53,13439,300,6266,3310,2951,6266,3310,2951,move2
53,13484,300,6216,3467,2896,6216,3467,2896,move2
53,13497,300,6186,3599,2861,6186,3599,2861,move2
53,13482,300,6151,3732,2825,6151,3732,2825,move2
53,13481,300,6119,3857,2799,6119,3857,2799,move2
54,13503,300,6093,3986,2786,6093,3986,2786,move2
54,13515,300,6079,4106,2785,6079,4106,2785,move2
27,9290,200,6086,4203,2794,6086,4203,2794,move2
56,13768,300,6088,4293,2801,6088,4293,2801,move2
56,13745,300,6113,4352,2746,6113,4352,2746,move2
56,13774,300,6153,4396,2706,6153,4396,2706,move2
57,13806,300,6190,4474,2674,6190,4474,2674,move2
57,13829,300,6217,4542,2642,6217,4542,2642,move2
57,13854,300,6233,4627,2598,6233,4627,2598,move2
58,13863,300,6244,4699,2580,6244,4699,2580,move2
58,13856,300,6250,4777,2556,6250,4777,2556,move2
58,13831,300,6254,4819,2562,6254,4819,2562,move2
59,13824,300,6229,4877,2525,6229,4877,2525,move2
59,13815,300,6203,4930,2513,6203,4930,2513,move2
59,13809,300,6166,4978,2461,6166,4978,2461,move2
59,13803,300,6123,5014,2441,6123,5014,2441,move2
59,13800,300,6082,5041,2449,6082,5041,2449,move2
60,13803,300,6033,5068,2452,6033,5068,2452,move2
60,13807,300,5983,5092,2472,5983,5092,2472,move2
56,10543,300,6122,1767,2943,6122,1767,2943,none
56,10587,300,6169,1853,2952,6169,1853,2952,none
55,10622,300,6201,1927,2974,6201,1927,2974,none
54,10672,300,6224,2007,2985,6224,2007,2985,none
54,10731,300,6235,2092,2986,6235,2092,2986,none
54,10812,300,6243,2203,2980,6243,2203,2980,none
54,10896,300,6248,2301,2962,6248,2301,2962,none
54,10972,300,6239,2409,2933,6239,2409,2933,none
54,11024,300,6237,2504,2912,6237,2504,2912,none
54,11068,300,6246,2578,2909,6246,2578,2909,none
54,11097,300,6242,2645,2910,6242,2645,2910,none
54,11123,300,6236,2702,2912,6236,2702,2912,none
55,11150,300,6235,2746,2915,6235,2746,2915,none
55,11165,300,6229,2774,2940,6229,2774,2940,none
55,11180,300,6218,2796,2979,6218,2796,2979,none
55,11190,300,6192,2797,3053,6192,2797,3053,none
55,11197,300,6172,2780,3122,6172,2780,3122,none
55,11198,300,6167,2748,3225,6167,2748,3225,none
55,11195,300,6164,2706,3314,6164,2706,3314,none
55,11191,300,6196,2642,3402,6196,2642,3402,none
56,11194,300,6257,2568,3431,6257,2568,3431,none
56,11199,300,6412,2390,3525,6412,2390,3525,none
57,11219,300,6584,2192,3589,6584,2192,3589,none
58,11272,300,6807,1895,3603,6807,1895,3603,none
58,11376,300,7015,1531,3544,7015,1531,3544,none
58,11535,300,7218,1087,3483,7218,1087,3483,none
58,11748,300,7392,577,3384,7392,577,3384,none
58,12042,300,7443,23,3155,7443,23,3155,none
59,12350,300,7458,-545,2940,7458,-545,2940,none
37,8776,200,7425,-1079,2757,7425,-1079,2757,none
54,11879,300,7313,-1563,2732,7313,-1563,2732,none
55,12370,300,7353,-1850,2614,7353,-1850,2614,none
57,12912,300,7331,-2133,2579,7331,-2133,2579,none
60,13377,300,7420,-2476,2567,7420,-2476,2567,none
64,13716,300,7449,-2726,2551,7449,-2726,2551,none
67,13950,300,7498,-2855,2469,7498,-2855,2469,none
69,14107,300,7522,-2873,2337,7522,-2873,2337,none
89,16121,400,7488,-2790,2276,7488,-2790,2276,none
88,15833,400,7451,-2682,2217,7451,-2682,2217,none
99,16092,500,7436,-2607,2109,7436,-2607,2109,none
99,15986,500,7393,-2520,2042,7393,-2520,2042,none
98,15845,500,7273,-2373,1889,7273,-2373,1889,none
98,15716,500,7197,-2256,1902,7197,-2256,1902,none
97,15637,500,7136,-2122,1847,7136,-2122,1847,none
97,15652,500,7151,-2009,1849,7151,-2009,1849,none
96,15706,500,7145,-1904,1877,7145,-1904,1877,none
96,15751,500,7109,-1717,1860,7109,-1717,1860,none
95,15782,500,7098,-1493,1890,7098,-1493,1890,none
94,15757,500,7099,-1241,1905,7099,-1241,1905,none
94,15734,500,7150,-991,1826,7150,-991,1826,none
93,15676,500,7188,-681,1733,7188,-681,1733,none
92,15634,500,7246,-337,1675,7246,-337,1675,none
92,15584,500,7286,37,1615,7286,37,1615,none
91,15530,500,7308,439,1608,7308,439,1608,none
89,15469,500,7281,965,1592,7281,965,1592,none
88,15425,500,7233,1504,1620,7233,1504,1620,none
86,15405,500,7143,2049,1652,7143,2049,1652,none
85,15398,500,7030,2565,1669,7030,2565,1669,none
83,15406,500,6865,3043,1664,6865,3043,1664,none
82,15430,500,6671,3491,1670,6671,3491,1670,none
82,15479,500,6455,3914,1669,6455,3914,1669,none
81,15536,500,6258,4291,1651,6258,4291,1651,none
82,15625,500,6133,4570,1616,6133,4570,1616,none
83,15764,500,6133,4786,1554,6133,4786,1554,none
84,15886,500,6181,4940,1494,6181,4940,1494,none
84,15985,500,6307,5009,1415,6307,5009,1415,none
84,16042,500,6430,4983,1376,6430,4983,1376,none
84,16083,500,6551,4921,1332,6551,4921,1332,none
85,16094,500,6708,4752,1248,6708,4752,1248,none
85,16097,500,6875,4530,1164,6875,4530,1164,none
85,16090,500,7037,4263,1088,7037,4263,1088,none
84,16054,500,7200,3927,1024,7200,3927,1024,none
84,16001,500,7354,3536,944,7354,3536,944,none
83,15913,500,7525,3072,863,7525,3072,863,none
83,15812,500,7680,2629,782,7680,2629,782,none
82,15704,500,7810,2195,672,7810,2195,672,none
81,15614,500,7924,1799,578,7924,1799,578,none
81,15539,500,8023,1414,471,8023,1414,471,none
80,15491,500,8094,1048,446,8094,1048,446,none
80,15448,500,8153,723,512,8153,723,512,none
80,15397,500,8168,383,693,8168,383,693,none
80,15337,500,8167,50,883,8167,50,883,none
81,15293,500,8172,-283,1054,8172,-283,1054,none
81,15260,400,8175,-640,1259,8175,-640,1259,none
82,15219,400,8141,-969,1435,8141,-969,1435,none
82,15144,400,8024,-1318,1612,8024,-1318,1612,none
82,15056,400,7934,-1672,1730,7934,-1672,1730,none
83,15002,400,7854,-2038,1800,7854,-2038,1800,none
83,14978,400,7731,-2404,1885,7731,-2404,1885,none
55,10045,200,7550,-2679,1922,7550,-2679,1922,none
56,10027,200,7355,-2931,1946,7355,-2931,1946,none
82,14835,300,7140,-3194,2064,7140,-3194,2064,none
81,14791,300,6955,-3397,2167,6955,-3397,2167,none
80,14749,300,6809,-3554,2276,6809,-3554,2276,none
79,14716,300,6700,-3683,2370,6700,-3683,2370,none
78,14691,300,6619,-3797,2498,6619,-3797,2498,none
77,14665,300,6544,-3875,2654,6544,-3875,2654,none
75,14637,300,6470,-3924,2810,6470,-3924,2810,none
73,14603,300,6405,-3930,2993,6405,-3930,2993,none
71,14551,300,6334,-3895,3264,6334,-3895,3264,none
68,14482,300,6252,-3829,3542,6252,-3829,3542,none
52,9673,200,6161,-3737,3750,6161,-3737,3750,none
52,9641,200,6051,-3661,3908,6051,-3661,3908,none
52,9609,200,5937,-3590,4029,5937,-3590,4029,none
68,14035,300,5838,-3534,4181,5838,-3534,4181,none
60,13840,300,5795,-3380,4336,5795,-3380,4336,none
57,13685,300,5949,-2899,4237,5949,-2899,4237,none
55,13606,300,6051,-2423,4375,6051,-2423,4375,none
53,13477,300,6104,-1564,4591,6104,-1564,4591,none
51,13397,300,6089,-677,4721,6089,-677,4721,none
49,13435,300,6043,75,4869,6043,75,4869,none
49,13602,500,5944,692,4964,5944,692,4964,none
49,13845,500,5814,1184,5045,5814,1184,5045,none
49,14102,500,5640,1602,5082,5640,1602,5082,none
50,14318,500,5398,2058,5099,5398,2058,5099,none
52,14487,500,5133,2453,5108,5133,2453,5108,none
21,10093,400,0,-3813,9601,0,-3813,9601,none
56,14503,500,4617,2917,5060,4617,2917,5060,none
58,14660,500,4476,3365,5015,4476,3365,5015,none
61,14815,500,4385,3734,4970,4385,3734,4970,none
63,14970,500,4339,4029,4908,4339,4029,4908,none
66,15114,500,4347,4244,4840,4347,4244,4840,none
69,15225,500,4408,4410,4749,4408,4410,4749,none
30,11322,400,543,-281,10377,543,-281,10377,none
73,15292,500,4523,4629,4459,4523,4629,4459,none
77,15453,500,4769,4754,4290,4769,4754,4290,none
80,15610,500,5013,4832,4116,5013,4832,4116,none
83,15761,500,5205,4904,3905,5205,4904,3905,none
85,15889,500,5382,4978,3666,5382,4978,3666,none
87,15994,500,5563,5030,3456,5563,5030,3456,none
89,16085,500,5764,5060,3221,5764,5060,3221,none
90,16151,500,5961,5072,3000,5961,5072,3000,none
92,16202,500,6180,5020,2770,6180,5020,2770,none
93,16235,500,6373,4959,2543,6373,4959,2543,none
93,16225,500,6563,4816,2283,6563,4816,2283,none
93,16159,500,6742,4643,2064,6742,4643,2064,none
92,16000,500,6942,4348,1774,6942,4348,1774,none
91,15782,500,7139,3985,1515,7139,3985,1515,none
90,15533,500,7309,3594,1307,7309,3594,1307,none
89,15281,500,7475,3110,1079,7475,3110,1079,none
87,15078,500,7609,2626,930,7609,2626,930,none
87,14920,500,7714,2143,776,7714,2143,776,none
87,14842,500,7805,1680,629,7805,1680,629,none
87,14801,500,7896,1255,508,7896,1255,508,none
87,14785,500,7969,883,426,7969,883,426,none
88,14787,500,8021,538,361,8021,538,361,none
89,14779,500,8047,187,242,8047,187,242,none
90,14783,500,8055,-155,148,8055,-155,148,none
90,14808,500,8045,-461,139,8045,-461,139,none
91,14883,500,8055,-778,165,8055,-778,165,none
92,15000,500,8088,-1086,176,8088,-1086,176,none
92,15131,500,8133,-1365,160,8133,-1365,160,none
93,15264,400,8225,-1624,224,8225,-1624,224,none
94,15419,400,8379,-1927,372,8379,-1927,372,none
94,15550,300,8489,-2210,533,8489,-2210,533,none
93,15671,300,8540,-2549,691,8540,-2549,691,none
92,15741,300,8496,-2795,735,8496,-2795,735,none
91,15700,400,8400,-3045,852,8400,-3045,852,none
90,15557,400,8265,-3228,940,8265,-3228,940,none
91,15342,300,8151,-3415,1206,8151,-3415,1206,none
86,13880,200,8056,-3484,1550,8056,-3484,1550,none
0,0,100,8021,-3460,2159,8021,-3460,2159,none
92,12100,200,8014,-3325,3125,8014,-3325,3125,none
98,14271,200,8028,-3141,4101,8028,-3141,4101,none
100,13583,200,8010,-2979,5049,8010,-2979,5049,none
0,0,100,-1214,3722,7932,-1214,3722,7932,none
100,12429,200,8031,-2811,6434,8031,-2811,6434,none
102,11784,200,7987,-2523,6818,7987,-2523,6818,none
105,11214,200,7934,-2260,7118,7934,-2260,7118,none
105,10728,200,7868,-2011,7460,7868,-2011,7460,none
107,10614,200,7768,-1762,7790,7768,-1762,7790,none
109,10009,200,7654,-1538,7823,7654,-1538,7823,none
110,9536,200,7505,-1278,7868,7505,-1278,7868,none
111,9204,200,7345,-994,7940,7345,-994,7940,none
113,8969,200,7154,-691,7977,7154,-691,7977,none
115,8799,200,6965,-378,7980,6965,-378,7980,none
117,8670,200,6781,-58,7998,6781,-58,7998,none
119,8562,200,6591,297,8069,6591,297,8069,none
119,8483,200,6423,635,8157,6423,635,8157,none
119,8398,200,6221,1070,8219,6221,1070,8219,none
119,8332,200,6054,1488,8265,6054,1488,8265,none
0,0,100,5922,1854,8285,5922,1854,8285,none
0,0,100,5823,2181,8267,5823,2181,8267,none
0,0,100,5765,2459,8245,5765,2459,8245,none
0,0,100,5705,2704,8205,5705,2704,8205,none
0,0,100,5629,2946,8135,5629,2946,8135,none
0,0,100,5526,3199,8055,5526,3199,8055,none
0,0,100,5396,3451,7957,5396,3451,7957,none
0,0,100,5280,3676,7855,5280,3676,7855,none
0,0,100,5174,3882,7747,5174,3882,7747,none
0,0,100,5076,4074,7625,5076,4074,7625,none
0,0,100,5018,4226,7509,5018,4226,7509,none
0,0,100,4985,4322,7416,4985,4322,7416,none
0,0,100,5001,4384,7351,5001,4384,7351,none
0,0,100,5073,4374,7286,5073,4374,7286,none
0,0,100,5203,4318,7244,5203,4318,7244,none
0,0,100,5401,4109,7202,5401,4109,7202,none
0,0,100,5691,3727,7206,5691,3727,7206,none
0,0,100,5967,3307,7214,5967,3307,7214,none
0,0,100,6248,2787,7238,6248,2787,7238,none
47,7337,200,6714,2166,7863,6714,2166,7863,none
53,7301,200,6967,1511,8306,6967,1511,8306,none
47,7263,200,7162,763,8465,7162,763,8465,none
46,7179,200,7179,121,8516,7179,121,8516,none
0,0,100,1250,3002,6893,1250,3002,6893,none
0,0,100,1555,3113,6980,1555,3113,6980,none
0,0,100,1832,3196,6937,1832,3196,6937,none
0,0,0,-2067,21333,1301,-2067,21333,1301,none
0,0,0,-1879,21229,1306,-1879,21229,1306,none
0,0,100,2502,2642,7012,2502,2642,7012,none
0,0,100,2817,2550,7207,2817,2550,7207,none
0,0,100,3113,2435,7356,3113,2435,7356,none
0,0,100,3318,2428,7362,3318,2428,7362,none
0,0,100,3513,2369,7413,3513,2369,7413,none
0,0,100,3614,2373,7409,3614,2373,7409,none
0,0,100,3612,2410,7497,3612,2410,7497,none
0,0,100,3538,2491,7575,3538,2491,7575,none
0,0,100,3351,2652,7486,3351,2652,7486,none
0,0,100,3545,3281,7397,3545,3281,7397,none
0,0,100,3355,3762,7484,3355,3762,7484,none
0,0,100,2908,4246,7577,2908,4246,7577,none
0,0,100,2392,4209,7627,2392,4209,7627,none
0,0,100,1719,4208,7603,1719,4208,7603,none
0,0,100,1037,3983,7710,1037,3983,7710,none
0,0,100,371,3565,7967,371,3565,7967,none
0,0,100,-247,2964,8301,-247,2964,8301,none
0,0,100,-761,2224,8697,-761,2224,8697,none
60,8461,200,6313,-971,5176,6313,-971,5176,none
67,8533,200,6455,-660,5071,6455,-660,5071,none
71,8623,200,6579,-325,4986,6579,-325,4986,none
75,8704,200,6690,13,4829,6690,13,4829,none
80,8798,300,6791,321,4668,6791,321,4668,none
81,8912,300,6890,600,4455,6890,600,4455,none
82,9002,300,6980,934,4269,6980,934,4269,none
83,9084,300,7019,1244,4039,7019,1244,4039,none
84,9131,300,7040,1523,3875,7040,1523,3875,none
85,9159,300,7000,1780,3661,7000,1780,3661,none
85,9186,300,6960,2017,3479,6960,2017,3479,none
86,9211,300,6936,2247,3345,6936,2247,3345,none
86,9200,300,6836,2536,3183,6836,2536,3183,none
86,9181,300,6735,2829,3049,6735,2829,3049,none
84,9164,300,6636,3113,2938,6636,3113,2938,none
83,9243,300,6511,3420,2846,6511,3420,2846,none
81,9269,300,6351,3742,2718,6351,3742,2718,none
80,9282,300,6238,4050,2591,6238,4050,2591,none
78,9303,300,6146,4333,2480,6146,4333,2480,none
77,9331,300,6083,4608,2416,6083,4608,2416,none
76,9365,300,6015,4859,2353,6015,4859,2353,none
75,9414,300,5969,5106,2305,5969,5106,2305,none
74,9489,300,5940,5320,2248,5940,5320,2248,none
74,9567,300,5926,5460,2231,5926,5460,2231,none
73,9654,300,5901,5597,2197,5901,5597,2197,none
73,9743,300,5887,5710,2196,5887,5710,2196,none
74,9835,300,5933,5779,2160,5933,5779,2160,none
74,9924,300,6072,5769,2152,6072,5769,2152,none
75,9990,300,6301,5611,2160,6301,5611,2160,none
76,10013,300,6551,5352,2167,6551,5352,2167,none
77,9988,300,6825,5057,2149,6825,5057,2149,none
79,9915,300,7102,4718,2151,7102,4718,2151,none
55,10981,200,7352,4261,2180,7352,4261,2180,none
55,10895,200,7573,3773,2233,7573,3773,2233,none
56,10836,200,7719,3285,2291,7719,3285,2291,none
56,10833,200,7892,2862,2343,7892,2862,2343,none
57,10852,200,8072,2448,2415,8072,2448,2415,none
58,10894,200,8254,2011,2495,8254,2011,2495,none
60,10938,200,8412,1573,2615,8412,1573,2615,none
61,10991,200,8534,1148,2756,8534,1148,2756,none
63,11046,200,8565,796,2877,8565,796,2877,none
65,11033,200,8478,448,3075,8478,448,3075,none
67,10959,200,8281,162,3307,8281,162,3307,none
68,10799,200,7999,-40,3612,7999,-40,3612,none
69,10564,200,7655,-134,3910,7655,-134,3910,none
69,10176,200,7181,-64,4232,7181,-64,4232,none
68,9777,200,6664,215,4317,6664,215,4317,none
65,9319,200,6002,603,4416,6002,603,4416,none
0,0,100,743,-1515,11681,743,-1515,11681,none
55,8472,200,4594,792,4507,4594,792,4507,none
0,0,100,1658,-2012,11411,1658,-2012,11411,none
47,7779,200,3613,1181,4605,3613,1181,4605,none
39,7552,200,2716,1526,4627,2716,1526,4627,none
30,7527,200,2902,-2116,11010,2902,-2116,11010,none
26,7587,200,3231,-1992,10882,3231,-1992,10882,none
20,7641,200,3526,-1788,10737,3526,-1788,10737,none
28,7664,200,3674,-1506,10641,3674,-1506,10641,none
26,7738,200,3764,-1269,10615,3764,-1269,10615,none
35,7794,200,3812,-1019,10569,3812,-1019,10569,none
45,7842,200,3865,-765,10527,3865,-765,10527,none
43,7862,200,3917,-530,10471,3917,-530,10471,none
41,7879,200,4042,-255,10405,4042,-255,10405,none
39,7890,200,4154,36,10343,4154,36,10343,none
43,7882,200,4206,335,10293,4206,335,10293,none
50,7883,200,4248,577,10238,4248,577,10238,none
56,7888,200,4301,717,10227,4301,717,10227,none
51,7898,200,4329,834,10194,4329,834,10194,none
0,0,100,4395,911,10160,4395,911,10160,none
56,7968,200,4473,951,10140,4473,951,10140,none
62,8034,200,4631,910,10092,4631,910,10092,none
58,8124,200,4804,843,10039,4804,843,10039,none
65,8238,200,5061,649,9966,5061,649,9966,none
0,0,100,5343,407,9891,5343,407,9891,none
0,0,100,5655,64,9810,5655,64,9810,none
0,0,100,5913,-323,9716,5913,-323,9716,none
0,0,100,6164,-766,9631,6164,-766,9631,none
0,0,100,6374,-1202,9524,6374,-1202,9524,none
0,0,100,6551,-1642,9460,6551,-1642,9460,none
0,0,100,6646,-2203,9455,6646,-2203,9455,none
0,0,100,6609,-2595,9472,6609,-2595,9472,none
0,0,100,6533,-3048,9549,6533,-3048,9549,none
0,0,100,6388,-3467,9648,6388,-3467,9648,none
0,0,100,6171,-3762,9777,6171,-3762,9777,none
0,0,100,5917,-3969,9842,5917,-3969,9842,none
0,0,100,5703,-4129,9911,5703,-4129,9911,none
0,0,100,5515,-4262,9966,5515,-4262,9966,none
0,0,100,5362,-4361,10049,5362,-4361,10049,none
0,0,100,5226,-4460,10067,5226,-4460,10067,none
0,0,100,5122,-4548,10070,5122,-4548,10070,none
0,0,100,5022,-4549,10075,5022,-4549,10075,none
0,0,100,4946,-4464,10085,4946,-4464,10085,none
0,0,100,4875,-4320,10097,4875,-4320,10097,none
0,0,100,4832,-4135,10131,4832,-4135,10131,none
0,0,100,4790,-3903,10198,4790,-3903,10198,none
0,0,100,4718,-3671,10268,4718,-3671,10268,none
0,0,100,4689,-3453,10331,4689,-3453,10331,none
0,0,100,4671,-3250,10431,4671,-3250,10431,none
0,0,100,4616,-3016,10490,4616,-3016,10490,none
0,0,100,4641,-2767,10471,4641,-2767,10471,none
0,0,100,4709,-2493,10393,4709,-2493,10393,none
0,0,100,4763,-2248,10366,4763,-2248,10366,none
0,0,100,4794,-1977,10330,4794,-1977,10330,none
86,7899,200,4773,-1673,10245,4773,-1673,10245,none
93,7610,200,4732,-1442,10192,4732,-1442,10192,none
90,7338,200,4649,-1238,10128,4649,-1238,10128,none
74,7087,200,4557,-1028,10049,4557,-1028,10049,none
84,6867,200,4459,-842,9982,4459,-842,9982,none
88,6662,200,4382,-660,9910,4382,-660,9910,none
94,6477,200,4337,-506,9814,4337,-506,9814,none
143,25969,300,4318,-326,9716,4318,-326,9716,none
143,10451,300,4296,-184,9607,4296,-184,9607,none
143,10427,300,4281,-65,9502,4281,-65,9502,none
103,6033,200,4279,48,9411,4279,48,9411,none
139,10416,300,4282,235,9290,4282,235,9290,none
135,10319,300,4317,439,9168,4317,439,9168,none
126,10119,300,4394,620,9068,4394,620,9068,none
78,5837,200,4451,838,8900,4451,838,8900,none
84,5802,200,4501,1007,8817,4501,1007,8817,none
121,9897,300,4530,1193,8672,4530,1193,8672,none
116,9471,300,4529,1414,8522,4529,1414,8522,none
112,8924,300,4500,1639,8407,4500,1639,8407,none
106,8295,300,4439,1860,8268,4439,1860,8268,none
100,7676,300,4364,2091,8177,4364,2091,8177,none
93,7149,300,4275,2271,8138,4275,2271,8138,none
86,6744,300,4156,2437,8148,4156,2437,8148,none
77,6434,200,4008,2600,8179,4008,2600,8179,none
68,6212,200,3876,2791,8230,3876,2791,8230,none
59,6081,200,3753,2903,8176,3753,2903,8176,none
47,6031,200,3644,2943,8196,3644,2943,8196,none
38,5955,200,3550,2947,8216,3550,2947,8216,none
31,5859,200,3473,2955,8218,3473,2955,8218,none
25,5759,200,3420,2953,8222,3420,2953,8222,none
18,5622,200,3401,2900,8241,3401,2900,8241,none
16,5411,200,3419,2860,8278,3419,2860,8278,none
11,5127,200,3495,2898,8231,3495,2898,8231,none
4,4781,200,3660,3013,8145,3660,3013,8145,none
4,4465,200,3803,3063,8096,3803,3063,8096,none
4,4303,200,3990,3158,8034,3990,3158,8034,none
11,4242,200,4139,3237,7912,4139,3237,7912,none
17,4244,200,4281,3307,7817,4281,3307,7817,none
17,4288,200,4390,3373,7720,4390,3373,7720,none
23,4404,200,4496,3456,7605,4496,3456,7605,none
24,4538,200,4579,3552,7502,4579,3552,7502,none
31,4669,200,4653,3652,7390,4653,3652,7390,none
32,4808,200,4715,3742,7310,4715,3742,7310,none
32,4931,200,4762,3823,7245,4762,3823,7245,none
33,5070,200,4801,3899,7180,4801,3899,7180,none
34,5215,200,4822,3986,7111,4822,3986,7111,none
34,5397,200,4796,4070,7018,4796,4070,7018,none
37,5642,200,4821,4049,6969,4821,4049,6969,none
39,5876,200,4965,3937,6990,4965,3937,6990,none
42,6168,200,5064,3793,6844,5064,3793,6844,none
44,6456,200,5191,3611,6701,5191,3611,6701,none
107,13022,300,5290,3402,6544,5290,3402,6544,none
108,13194,300,5417,3192,6435,5417,3192,6435,none
109,13322,300,5550,2942,6382,5550,2942,6382,none
109,13402,300,5651,2726,6319,5651,2726,6319,none
109,13412,300,5745,2534,6277,5745,2534,6277,none
110,13354,300,5807,2345,6176,5807,2345,6176,none
110,13281,300,5873,2175,6105,5873,2175,6105,none
109,13152,300,5924,1969,6029,5924,1969,6029,none
109,12968,300,5975,1741,5972,5975,1741,5972,none
107,12763,300,6025,1450,5976,6025,1450,5976,none
105,12503,300,6062,1115,6027,6062,1115,6027,none
103,12267,300,6089,737,6147,6089,737,6147,none
100,12040,300,6104,353,6275,6104,353,6275,none
97,11844,300,6099,-35,6401,6099,-35,6401,none
95,11672,300,6081,-421,6526,6081,-421,6526,none
92,11525,300,6042,-821,6668,6042,-821,6668,none
88,11382,300,5961,-1284,6858,5961,-1284,6858,none
85,11249,300,5836,-1762,7066,5836,-1762,7066,none
82,11143,300,5692,-2144,7249,5692,-2144,7249,none
80,11061,300,5537,-2518,7395,5537,-2518,7395,none
78,11004,300,5376,-2871,7532,5376,-2871,7532,none
75,10980,300,5194,-3169,7685,5194,-3169,7685,none
71,10972,300,4984,-3469,7881,4984,-3469,7881,none
68,10977,300,4739,-3693,8046,4739,-3693,8046,none
65,11011,300,4533,-3881,8287,4533,-3881,8287,none
62,11044,300,4315,-3914,8443,4315,-3914,8443,none
60,11089,300,4111,-3909,8572,4111,-3909,8572,none
61,11160,300,3920,-3868,8710,3920,-3868,8710,none
59,11433,300,3774,-3840,8864,3774,-3840,8864,none
58,11660,300,3662,-3836,9056,3662,-3836,9056,none
86,12850,400,5701,-1637,3451,5701,-1637,3451,none
89,13382,400,6211,-1566,3188,6211,-1566,3188,none
92,13963,400,6654,-1458,2894,6654,-1458,2894,none
97,14576,400,7157,-1323,2610,7157,-1323,2610,none
101,15155,400,7597,-1074,2340,7597,-1074,2340,none
105,15641,400,7932,-744,2056,7932,-744,2056,none
108,16058,400,8195,-452,1836,8195,-452,1836,none
111,16420,400,8432,-186,1651,8432,-186,1651,none
113,16699,400,8574,58,1455,8574,58,1455,none
114,16911,400,8684,275,1298,8684,275,1298,none
115,17095,400,8767,472,1147,8767,472,1147,none
116,17226,400,8825,659,1007,8825,659,1007,none
117,17340,400,8870,827,899,8870,827,899,none
117,17443,400,8876,1007,799,8876,1007,799,none
117,17499,400,8881,1158,724,8881,1158,724,none
117,17517,400,8851,1337,635,8851,1337,635,none
117,17496,400,8814,1505,567,8814,1505,567,none
116,17439,400,8744,1658,535,8744,1658,535,none
116,17374,400,8707,1828,497,8707,1828,497,none
115,17340,400,8655,1965,463,8655,1965,463,none
114,17322,400,8604,2082,418,8604,2082,418,none
114,17324,400,8556,2222,375,8556,2222,375,none
113,17326,400,8510,2362,340,8510,2362,340,none
113,17330,400,8484,2475,292,8484,2475,292,none
112,17318,400,8436,2588,246,8436,2588,246,none
112,17314,400,8402,2700,198,8402,2700,198,none
111,17309,400,8328,2846,137,8328,2846,137,none
111,17309,400,8296,3011,62,8296,3011,62,none
110,17311,400,8271,3151,-18,8271,3151,-18,none
110,17313,400,8247,3299,-110,8247,3299,-110,none
109,17313,400,8221,3424,-201,8221,3424,-201,none
108,17313,400,8175,3576,-313,8175,3576,-313,none
91,14668,300,8117,3731,-425,8117,3731,-425,none
91,14677,300,8049,3902,-504,8049,3902,-504,none
91,14687,300,7966,4070,-583,7966,4070,-583,none
91,14693,300,7872,4239,-669,7872,4239,-669,none
92,14697,300,7792,4377,-742,7792,4377,-742,none
92,14700,300,7702,4517,-805,7702,4517,-805,none
92,14700,300,7611,4659,-845,7611,4659,-845,none
91,14700,300,7516,4796,-862,7516,4796,-862,none
91,14704,300,7382,4953,-870,7382,4953,-870,none
91,14718,300,7254,5115,-870,7254,5115,-870,none
90,14748,300,7138,5263,-875,7138,5263,-875,none
90,14804,300,7030,5416,-854,7030,5416,-854,none
90,14900,300,6894,5591,-834,6894,5591,-834,none
90,15039,300,6751,5763,-828,6751,5763,-828,none
90,15244,300,6656,5928,-859,6656,5928,-859,none
91,15511,300,6651,6051,-889,6651,6051,-889,none
92,15867,300,6698,6152,-915,6698,6152,-915,none
93,16355,300,6788,6270,-941,6788,6270,-941,none
94,16918,300,6866,6399,-974,6866,6399,-974,none
95,17442,300,6925,6470,-964,6925,6470,-964,none
96,17862,300,6958,6499,-933,6958,6499,-933,none
96,18139,300,6967,6508,-882,6967,6508,-882,none
96,18290,300,6946,6502,-819,6946,6502,-819,none
55,10584,200,6986,6503,-797,6986,6503,-797,none
100,17490,300,7016,6504,-790,7016,6504,-790,none
57,10954,200,7030,6488,-757,7030,6488,-757,none
101,16672,300,7008,6452,-692,7008,6452,-692,none
103,16239,300,6926,6393,-584,6926,6393,-584,none
104,15933,300,6904,6378,-498,6904,6378,-498,none
105,15706,300,6918,6415,-385,6918,6415,-385,none
104,15570,300,6906,6453,-246,6906,6453,-246,none
103,15497,300,6867,6456,-93,6867,6456,-93,none
110,18381,400,6827,6463,31,6827,6463,31,none
110,18242,400,6767,6452,140,6767,6452,140,none
127,19684,500,6710,6433,219,6710,6433,219,none
127,19557,500,6610,6414,276,6610,6414,276,none
128,19432,500,6498,6400,312,6498,6400,312,none
127,19259,500,6362,6398,318,6362,6398,318,none
127,19099,500,6261,6411,312,6261,6411,312,none
127,18936,500,6090,6419,296,6090,6419,296,none
127,18782,500,5936,6491,254,5936,6491,254,none
126,18649,500,5802,6591,208,5802,6591,208,none
126,18546,500,5682,6715,153,5682,6715,153,none
126,18493,500,5570,6843,86,5570,6843,86,none
126,18458,500,5493,6944,25,5493,6944,25,none
126,18445,500,5417,7057,-50,5417,7057,-50,none
126,18472,500,5352,7181,-130,5352,7181,-130,none
126,18537,500,5289,7300,-200,5289,7300,-200,none
126,18615,500,5235,7403,-220,5235,7403,-220,none
126,18690,500,5198,7465,-225,5198,7465,-225,none
126,18765,500,5234,7505,-223,5234,7505,-223,none
126,18822,500,5405,7446,-192,5405,7446,-192,none
127,18819,500,5613,7312,-178,5613,7312,-178,none
127,18864,500,5831,7114,-172,5831,7114,-172,none
127,18922,500,6075,6920,-176,6075,6920,-176,none
128,18968,500,6346,6688,-170,6346,6688,-170,none
127,18980,500,6680,6439,-208,6680,6439,-208,none
127,18944,500,7045,6062,-236,7045,6062,-236,none
127,18800,500,7400,5609,-272,7400,5609,-272,none
127,18615,500,7727,5133,-249,7727,5133,-249,none
126,18403,500,8001,4603,-240,8001,4603,-240,none
125,18136,500,8235,3983,-198,8235,3983,-198,none
123,17775,500,8390,3317,-223,8390,3317,-223,none
120,17216,500,8436,2535,-144,8436,2535,-144,none
115,16465,500,8353,1622,-65,8353,1622,-65,none
112,15721,300,8150,641,30,8150,641,30,none
105,15095,300,7823,-450,166,7823,-450,166,none
97,14556,300,7363,-1705,680,7363,-1705,680,none
92,13999,200,6796,-2719,1015,6796,-2719,1015,none
0,0,100,-895,4312,9845,-895,4312,9845,none
21,1894,300,434,1928,9391,434,1928,9391,none
5,6748,300,2089,2881,8182,2089,2881,8182,none
10,7956,300,3266,3089,7256,3266,3089,7256,none
15,8737,300,4018,2877,6670,4018,2877,6670,none
20,9155,300,4491,2554,6334,4491,2554,6334,none
25,9407,300,4832,2178,6144,4832,2178,6144,none
29,9541,300,5097,1826,5948,5097,1826,5948,none
33,9594,300,5337,1394,5708,5337,1394,5708,none
37,9643,300,5559,1077,5437,5559,1077,5437,none
40,9710,300,5758,831,5159,5758,831,5159,none
44,9767,300,5957,626,4871,5957,626,4871,none
63,12649,400,6175,397,4669,6175,397,4669,none
66,12720,400,6352,99,4493,6352,99,4493,none
70,12771,400,6505,-198,4253,6505,-198,4253,none
74,12840,400,6544,-394,3896,6544,-394,3896,none
78,12906,400,6660,-531,3552,6660,-531,3552,none
47,8890,300,4106,149,8468,4106,149,8468,none
50,8974,300,4448,-135,8029,4448,-135,8029,none
51,8896,300,4653,-377,7558,4653,-377,7558,none
50,8663,300,4793,-439,7156,4793,-439,7156,none
75,11301,400,6394,-1710,2143,6394,-1710,2143,none
44,7481,300,6255,-1874,2133,6255,-1874,2133,none
47,6962,300,6085,-2004,2120,6085,-2004,2120,none
0,0,100,5908,-1927,2163,5908,-1927,2163,none
0,0,0,-624,16230,-4066,-624,16230,-4066,none
0,0,0,-674,16101,-3513,-674,16101,-3513,none
0,0,0,-686,16000,-2690,-686,16000,-2690,none
0,0,0,-693,15939,-2054,-693,15939,-2054,none
0,0,100,4697,-1821,8878,4697,-1821,8878,none
0,0,100,4599,-2003,9405,4599,-2003,9405,none
0,0,100,4521,-2133,9665,4521,-2133,9665,none
0,0,100,4435,-2151,9588,4435,-2151,9588,none
0,0,100,4335,-1963,9315,4335,-1963,9315,none
0,0,100,4218,-1587,8798,4218,-1587,8798,none
0,0,100,4081,-1147,8330,4081,-1147,8330,none
0,0,100,3917,-750,8048,3917,-750,8048,none
0,0,100,3705,-450,7935,3705,-450,7935,none
0,0,100,3533,-212,7915,3533,-212,7915,none
0,0,0,-809,17788,-1221,-809,17788,-1221,none
0,0,0,-810,17986,-1124,-810,17986,-1124,none
0,0,0,-815,18171,-1062,-815,18171,-1062,none
0,0,0,-827,18352,-1002,-827,18352,-1002,none
0,0,0,-848,18513,-982,-848,18513,-982,none
0,0,0,-877,18644,-967,-877,18644,-967,none
0,0,0,-912,18748,-961,-912,18748,-961,none
0,0,0,-953,18827,-965,-953,18827,-965,none
0,0,0,-1063,18952,-1257,-1063,18952,-1257,none
0,0,0,-1169,19069,-1539,-1169,19069,-1539,none
0,0,0,-1270,19163,-1750,-1270,19163,-1750,none
0,0,0,-1384,19231,-1903,-1384,19231,-1903,none
0,0,0,-1504,19282,-2033,-1504,19282,-2033,none
0,0,0,-1644,19334,-2200,-1644,19334,-2200,none
0,0,0,-1778,19375,-2343,-1778,19375,-2343,none
0,0,0,-1939,19423,-2487,-1939,19423,-2487,none
0,0,0,-2089,19505,-2510,-2089,19505,-2510,none
0,0,0,-2238,19605,-2588,-2238,19605,-2588,none
0,0,0,-2323,19690,-2452,-2323,19690,-2452,none
0,0,0,-2396,19768,-2356,-2396,19768,-2356,none
0,0,0,-2460,19860,-2308,-2460,19860,-2308,none
0,0,0,-2506,19941,-2277,-2506,19941,-2277,none
0,0,0,-2531,20004,-2240,-2531,20004,-2240,none
0,0,0,-2544,20060,-2212,-2544,20060,-2212,none
0,0,0,-2543,20092,-2163,-2543,20092,-2163,none
0,0,0,-2534,20108,-2095,-2534,20108,-2095,none
0,0,0,-2517,20115,-2006,-2517,20115,-2006,none
0,0,0,-2494,20116,-1908,-2494,20116,-1908,none
0,0,0,-2459,20114,-1797,-2459,20114,-1797,none
0,0,0,-2426,20112,-1699,-2426,20112,-1699,none
0,0,0,-2374,20113,-1586,-2374,20113,-1586,none
0,0,0,-2320,20121,-1486,-2320,20121,-1486,none
0,0,0,-2307,20164,-1598,-2307,20164,-1598,none
0,0,0,-2239,20232,-1602,-2239,20232,-1602,none
0,0,0,-2145,20326,-1616,-2145,20326,-1616,none
0,0,0,-2038,20426,-1617,-2038,20426,-1617,none
0,0,0,-1942,20513,-1608,-1942,20513,-1608,none
0,0,0,-1811,20644,-1628,-1811,20644,-1628,none
0,0,0,-1674,20763,-1626,-1674,20763,-1626,none
0,0,0,-1540,20874,-1637,-1540,20874,-1637,none
0,0,0,-1410,20962,-1635,-1410,20962,-1635,none
0,0,100,-879,-131,7530,-879,-131,7530,none
0,0,0,-1156,21110,-1655,-1156,21110,-1655,none
0,0,100,-683,137,7561,-683,137,7561,none
0,0,0,-929,21180,-1597,-929,21180,-1597,none
0,0,0,-776,21178,-1508,-776,21178,-1508,none
0,0,0,-644,21174,-1434,-644,21174,-1434,none
0,0,0,-529,21160,-1397,-529,21160,-1397,none
0,0,0,-403,21121,-1316,-403,21121,-1316,none
0,0,0,-310,21088,-1292,-310,21088,-1292,none
0,0,0,-236,21054,-1287,-236,21054,-1287,none
0,0,0,-166,21019,-1281,-166,21019,-1281,none
0,0,100,4655,100,7680,4655,100,7680,none
0,0,100,4486,221,7572,4486,221,7572,none
0,0,100,4285,194,7507,4285,194,7507,none
0,0,0,-205,20809,-2466,-205,20809,-2466,none
0,0,100,3935,-9,6836,3935,-9,6836,none
0,0,100,4048,-95,6554,4048,-95,6554,none
0,0,100,4049,-165,6390,4049,-165,6390,none
0,0,100,3902,-178,6502,3902,-178,6502,none
0,0,100,3484,-324,6294,3484,-324,6294,none
0,0,100,2982,-509,6476,2982,-509,6476,none
0,0,100,2322,-649,6989,2322,-649,6989,none
0,0,100,4237,2406,5810,4237,2406,5810,none
0,0,100,3704,2558,6318,3704,2558,6318,none
50,8685,200,5732,1278,-1660,5732,1278,-1660,none
47,9087,200,5827,1272,-1522,5827,1272,-1522,none
58,9506,200,5903,1288,-1371,5903,1288,-1371,none
67,9905,200,5924,1338,-1196,5924,1338,-1196,none
72,10308,200,5938,1473,-1035,5938,1473,-1035,none
77,10701,200,5910,1730,-820,5910,1730,-820,none
83,11067,200,5835,2031,-578,5835,2031,-578,none
88,11372,200,5713,2411,-314,5713,2411,-314,none
93,11641,200,5456,3228,73,5456,3228,73,none
0,0,100,5026,4636,528,5026,4636,528,none
0,0,100,4327,5932,1055,4327,5932,1055,none
0,0,100,-2173,5966,9775,-2173,5966,9775,none
0,0,100,-2893,6323,9628,-2893,6323,9628,none
0,0,100,-3507,6162,9551,-3507,6162,9551,none
84,15731,200,6039,-5005,4127,6039,-5005,4127,none
94,12071,200,6231,-4825,4068,6231,-4825,4068,none
99,12266,200,6413,-4716,4021,6413,-4716,4021,none
73,15901,300,6603,-4623,3962,6603,-4623,3962,none
76,15347,400,6818,-4547,3929,6818,-4547,3929,none
77,15170,400,7049,-4373,3791,7049,-4373,3791,none
77,15286,300,7262,-4207,3657,7262,-4207,3657,none
77,15466,400,7483,-4109,3520,7483,-4109,3520,none
95,15801,400,7631,-3948,3370,7631,-3948,3370,none
95,16099,400,7742,-3764,3259,7742,-3764,3259,none
98,16331,500,7885,-3543,3134,7885,-3543,3134,none
101,16525,500,8008,-3292,3008,8008,-3292,3008,none
104,16687,500,8123,-3019,2863,8123,-3019,2863,none
107,16839,500,8259,-2767,2759,8259,-2767,2759,none
110,16963,500,8399,-2524,2685,8399,-2524,2685,none
111,17061,500,8480,-2171,2648,8480,-2171,2648,none
110,17147,500,8529,-1749,2635,8529,-1749,2635,none
110,17178,500,8547,-1224,2678,8547,-1224,2678,none
108,17204,500,8519,-664,2730,8519,-664,2730,none
106,17215,500,8478,-4,2858,8478,-4,2858,none
105,17238,500,8406,582,2958,8406,582,2958,none
103,17287,500,8318,1196,3118,8318,1196,3118,none
101,17310,500,8220,1746,3226,8220,1746,3226,none
99,17328,500,8057,2296,3369,8057,2296,3369,none
97,17348,500,7858,2797,3546,7858,2797,3546,none
95,17348,500,7630,3213,3642,7630,3213,3642,none
93,17336,500,7319,3579,3768,7319,3579,3768,none
91,17285,500,6945,3907,3838,6945,3907,3838,none
88,17155,500,6481,4192,3894,6481,4192,3894,none
86,16959,500,5956,4427,3935,5956,4427,3935,none
84,16699,500,5386,4626,3961,5386,4626,3961,none
53,12667,400,1172,-1209,10647,1172,-1209,10647,none
54,12711,400,1136,-1236,10530,1136,-1236,10530,none
55,12753,400,1130,-1194,10422,1130,-1194,10422,none
54,12771,300,1114,-1152,10386,1114,-1152,10386,none
50,12798,200,1073,-1099,10388,1073,-1099,10388,none
48,12813,200,1007,-985,10364,1007,-985,10364,none
0,0,100,910,-982,10528,910,-982,10528,none
20,5548,200,777,-976,10657,777,-976,10657,none
0,0,100,599,-877,10766,599,-877,10766,none
23,4936,200,322,-744,10921,322,-744,10921,none
0,0,100,-57,-458,10951,-57,-458,10951,none
0,0,100,-481,-111,10930,-481,-111,10930,none
0,0,100,-940,211,10881,-940,211,10881,none
0,0,100,-1424,437,10612,-1424,437,10612,none
20,3797,200,-1326,-356,10698,-1326,-356,10698,none
19,3664,200,-1255,-954,10734,-1255,-954,10734,none
20,4351,200,-1208,-1345,10761,-1208,-1345,10761,none
21,4728,200,-1189,-1641,10800,-1189,-1641,10800,none
22,4950,200,-1225,-1859,10794,-1225,-1859,10794,none
37,10988,300,-1295,-1966,10805,-1295,-1966,10805,none
40,10981,300,-1332,-2011,10800,-1332,-2011,10800,none
43,11010,300,-1309,-1995,10798,-1309,-1995,10798,none
46,11097,300,-1241,-2009,10756,-1241,-2009,10756,none
48,11253,300,-1167,-2069,10729,-1167,-2069,10729,none
50,5706,300,-1044,-2195,10608,-1044,-2195,10608,none
58,5912,300,-858,-2233,10599,-858,-2233,10599,none
68,6052,300,-694,-2258,10633,-694,-2258,10633,none
75,6155,200,-561,-2299,10630,-561,-2299,10630,none
0,0,100,-3314,2041,7477,-3314,2041,7477,none
0,0,100,-3185,2337,7712,-3185,2337,7712,none
0,0,100,-2995,2536,7877,-2995,2536,7877,none
0,0,100,-2688,3530,7750,-2688,3530,7750,none
0,0,100,-2289,4518,7412,-2289,4518,7412,none
0,0,100,-1700,5094,7398,-1700,5094,7398,none
0,0,100,-1056,5365,7500,-1056,5365,7500,none
0,0,100,-368,5047,7787,-368,5047,7787,none
0,0,100,275,4760,7805,275,4760,7805,none
0,0,100,843,4428,7835,843,4428,7835,none
0,0,100,1353,4229,7890,1353,4229,7890,none
0,0,100,1616,5151,7744,1616,5151,7744,none
0,0,100,2079,4675,7937,2079,4675,7937,none
79,12349,300,2543,4399,8175,2543,4399,8175,none
78,12377,300,3012,4057,8436,3012,4057,8436,none
77,12377,300,3381,3754,8624,3381,3754,8624,none
100,15770,400,4805,5190,1013,4805,5190,1013,none
99,15813,400,5237,4865,1022,5237,4865,1022,none
97,15855,500,5735,4458,1001,5735,4458,1001,none
96,15893,500,6180,4066,965,6180,4066,965,none
94,15921,500,6632,3585,947,6632,3585,947,none
92,15973,500,6990,3116,900,6990,3116,900,none
91,16045,500,7294,2640,850,7294,2640,850,none
90,16112,500,7571,2154,813,7571,2154,813,none
88,16109,500,7780,1554,771,7780,1554,771,none
86,16129,500,7947,989,741,7947,989,741,none
85,16163,500,8061,467,733,8061,467,733,none
84,16216,500,8116,-3,694,8116,-3,694,none
83,16274,500,8155,-498,689,8155,-498,689,none
83,16319,500,8119,-974,639,8119,-974,639,none
83,16354,500,8070,-1384,610,8070,-1384,610,none
83,16369,500,8005,-1775,549,8005,-1775,549,none
84,16344,500,7926,-2148,497,7926,-2148,497,none
84,16295,500,7853,-2569,494,7853,-2569,494,none
86,16259,500,7808,-3010,558,7808,-3010,558,none
88,16227,500,7746,-3363,582,7746,-3363,582,none
89,16181,500,7665,-3690,583,7665,-3690,583,none
88,16117,300,7540,-4028,581,7540,-4028,581,none
85,15974,300,7405,-4405,599,7405,-4405,599,none
86,15790,300,7242,-4770,706,7242,-4770,706,none
86,15569,200,7024,-5116,843,7024,-5116,843,none
72,15213,200,6725,-5466,1051,6725,-5466,1051,none
91,15474,200,6427,-5810,1325,6427,-5810,1325,none
67,15283,300,6123,-6115,1582,6123,-6115,1582,none
67,15210,300,5773,-6411,1774,5773,-6411,1774,none
22,6388,200,963,6166,7610,963,6166,7610,none
20,6426,200,1745,5919,7314,1745,5919,7314,none
19,6445,200,2529,5646,7003,2529,5646,7003,none
18,6413,200,3237,5302,6678,3237,5302,6678,none
38,9173,300,3856,4936,6327,3856,4936,6327,none
43,9475,300,4391,4546,5948,4391,4546,5948,none
47,9747,300,4874,4124,5526,4874,4124,5526,none
52,9985,300,5260,3643,5033,5260,3643,5033,none
58,10206,300,5671,3042,4409,5671,3042,4409,none
63,10407,300,5979,2399,3822,5979,2399,3822,none
70,10604,300,6185,1708,3264,6185,1708,3264,none
40,5449,200,4124,1263,8043,4124,1263,8043,none
43,5741,200,4467,939,7743,4467,939,7743,none
57,9439,300,4732,631,7428,4732,631,7428,none
61,9760,300,4960,300,7143,4960,300,7143,none
65,10044,300,5156,16,6909,5156,16,6909,none
69,10264,300,5335,-210,6731,5335,-210,6731,none
72,10445,300,5511,-364,6586,5511,-364,6586,none
75,10572,300,5673,-485,6442,5673,-485,6442,none
78,10665,300,5794,-606,6277,5794,-606,6277,none
81,10739,300,5897,-773,6179,5897,-773,6179,none
84,10825,300,5981,-962,6122,5981,-962,6122,none
86,10905,300,6033,-1117,6081,6033,-1117,6081,none
88,10989,300,6026,-1248,6086,6026,-1248,6086,none
90,11071,300,5988,-1450,6218,5988,-1450,6218,none
91,11132,300,5927,-1669,6427,5927,-1669,6427,none
91,11132,300,5809,-1875,6690,5809,-1875,6690,none
91,11096,300,5653,-2033,6953,5653,-2033,6953,none
125,14232,400,5471,-2189,7307,5471,-2189,7307,none
123,14212,400,5264,-2311,7690,5264,-2311,7690,none
120,14180,400,4972,-2299,8081,4972,-2299,8081,none
116,14144,400,4614,-2123,8468,4614,-2123,8468,none
112,14121,400,4164,-1761,8892,4164,-1761,8892,none
106,14077,400,3556,-1185,9350,3556,-1185,9350,none
100,14094,400,2951,-576,9681,2951,-576,9681,none
94,14195,400,2403,4,9922,2403,4,9922,none
92,16573,500,6281,815,7514,6281,815,7514,none
92,16641,500,6023,1423,7551,6023,1423,7551,none
93,16701,500,5787,1908,7604,5787,1908,7604,none
93,16740,500,5571,2325,7625,5571,2325,7625,none
93,16741,500,5308,2771,7633,5308,2771,7633,none
94,16717,400,5041,3156,7663,5041,3156,7663,none
94,16680,400,4800,3475,7688,4800,3475,7688,none
25,7781,300,4580,3741,7715,4580,3741,7715,none
94,16597,400,4298,4063,7763,4298,4063,7763,none
22,7681,300,3897,4411,7783,3897,4411,7783,none
29,5693,200,2987,4747,7872,2987,4747,7872,none
19,6829,200,1908,4772,7864,1908,4772,7864,none
15,6378,200,936,4653,7826,936,4653,7826,none
16,6091,200,244,4460,7800,244,4460,7800,none
16,5881,200,-133,4270,7825,-133,4270,7825,none
19,5767,200,-272,4114,7876,-272,4114,7876,none
22,5731,200,-306,4033,7917,-306,4033,7917,none
20,5718,200,-436,4030,7908,-436,4030,7908,none
22,5680,200,-729,4032,7839,-729,4032,7839,none
16,5576,200,-1251,3953,7775,-1251,3953,7775,none
0,0,100,-2321,4128,7759,-2321,4128,7759,none
20,5514,200,-3563,4154,7586,-3563,4154,7586,none
22,6001,200,-3612,-1733,10140,-3612,-1733,10140,none
23,6732,200,-2924,-2222,10042,-2924,-2222,10042,none
23,7425,200,-2281,-2387,10028,-2281,-2387,10028,none
65,14311,300,7043,-174,5000,7043,-174,5000,none
68,14622,400,7008,366,4950,7008,366,4950,none
72,14975,500,7043,579,4914,7043,579,4914,none
77,15336,500,7124,626,4858,7124,626,4858,none
80,15598,500,7167,709,4811,7167,709,4811,none
84,15798,500,7187,873,4790,7187,873,4790,none
86,15939,500,7196,1112,4688,7196,1112,4688,none
89,16082,500,7224,1308,4620,7224,1308,4620,none
92,16242,500,7285,1472,4545,7285,1472,4545,none
94,16379,500,7370,1550,4452,7370,1550,4452,none
96,16492,500,7454,1562,4344,7454,1562,4344,none
98,16577,500,7528,1482,4203,7528,1482,4203,none
100,16627,500,7622,1402,4041,7622,1402,4041,none
102,16663,500,7701,1320,3887,7701,1320,3887,none
103,16688,500,7779,1215,3716,7779,1215,3716,none
103,16706,500,7878,1083,3560,7878,1083,3560,none
104,16716,500,8015,874,3372,8015,874,3372,none
104,16698,500,8102,671,3152,8102,671,3152,none
103,16743,500,8212,395,2934,8212,395,2934,none
102,16528,500,8344,134,2712,8344,134,2712,none
102,16277,500,8441,-74,2478,8441,-74,2478,none
101,16069,500,8525,-243,2281,8525,-243,2281,none
100,15945,500,8601,-423,2170,8601,-423,2170,none
99,15863,500,8641,-602,2052,8641,-602,2052,none
99,15823,500,8684,-808,1983,8684,-808,1983,none
99,15813,500,8776,-1203,1989,8776,-1203,1989,none
98,15835,400,8792,-1697,1946,8792,-1697,1946,none
98,15792,300,8562,-2145,1828,8562,-2145,1828,none
80,15136,200,8314,-2612,1735,8314,-2612,1735,none
80,15215,200,7991,-3105,1718,7991,-3105,1718,none
80,15268,200,7632,-3575,1720,7632,-3575,1720,none
83,15230,200,7141,-4060,1931,7141,-4060,1931,none
0,0,100,-2765,5001,9243,-2765,5001,9243,none
0,0,100,-2515,5463,9162,-2515,5463,9162,none
0,0,100,-2350,5825,9123,-2350,5825,9123,none
0,0,100,-2320,6050,9054,-2320,6050,9054,none
0,0,100,-2387,6192,8999,-2387,6192,8999,none
0,0,100,-2510,6215,8890,-2510,6215,8890,none
0,0,100,-2697,6175,8762,-2697,6175,8762,none
0,0,100,-3019,6085,8652,-3019,6085,8652,none
0,0,100,-3477,5981,8563,-3477,5981,8563,none
0,0,100,-3884,5809,8400,-3884,5809,8400,none
19,5199,200,-4252,5776,8316,-4252,5776,8316,none
22,7477,300,-3744,3866,10019,-3744,3866,10019,none
23,7580,300,-3672,4056,9903,-3672,4056,9903,none
23,7701,300,-3612,4234,9750,-3612,4234,9750,none
117,17599,400,7143,-4133,3719,7143,-4133,3719,none
116,17648,400,7531,-3525,3666,7531,-3525,3666,none
115,17657,500,7845,-2873,3566,7845,-2873,3566,none
114,17645,500,8101,-2196,3487,8101,-2196,3487,none
113,17606,500,8311,-1462,3401,8311,-1462,3401,none
112,17532,500,8430,-706,3250,8430,-706,3250,none
110,17480,500,8483,-3,3115,8483,-3,3115,none
109,17430,500,8451,710,2984,8451,710,2984,none
107,17407,500,8379,1364,2885,8379,1364,2885,none
106,17387,500,8243,2022,2792,8243,2022,2792,none
105,17381,500,8074,2629,2722,8074,2629,2722,none
104,17401,500,7889,3190,2663,7889,3190,2663,none
103,17421,500,7673,3707,2643,7673,3707,2643,none
103,17455,500,7468,4146,2650,7468,4146,2650,none
104,17522,500,7290,4498,2700,7290,4498,2700,none
105,17616,500,7141,4761,2802,7141,4761,2802,none
106,17729,500,7008,4939,2951,7008,4939,2951,none
107,17822,500,6905,5014,3102,6905,5014,3102,none
108,17867,500,6857,4979,3267,6857,4979,3267,none
109,17894,500,6875,4689,3396,6875,4689,3396,none
109,17870,500,6907,4441,3470,6907,4441,3470,none
109,17782,500,6937,4104,3513,6937,4104,3513,none
108,17642,500,6966,3828,3517,6966,3828,3517,none
107,17488,500,7014,3535,3551,7014,3535,3551,none
106,17288,500,7082,3234,3559,7082,3234,3559,none
105,17033,500,7166,2887,3601,7166,2887,3601,none
103,16827,500,7261,2543,3622,7261,2543,3622,none
101,16616,500,7352,2177,3604,7352,2177,3604,none
99,16426,500,7448,1776,3474,7448,1776,3474,none
96,16199,500,7495,1257,3368,7495,1257,3368,none
93,15978,500,7577,710,3264,7577,710,3264,none
90,15795,500,7677,247,3094,7677,247,3094,none
87,15654,500,7742,-229,3012,7742,-229,3012,none
84,15541,500,7804,-660,2880,7804,-660,2880,none
80,15429,400,7930,-1137,2850,7930,-1137,2850,none
77,15338,400,7979,-1568,2809,7979,-1568,2809,none
75,15311,400,8017,-1926,2721,8017,-1926,2721,none
72,15339,400,8009,-2270,2705,8009,-2270,2705,none
70,15408,400,7994,-2585,2683,7994,-2585,2683,none
69,15498,400,7941,-2860,2684,7941,-2860,2684,none
70,15710,400,7889,-3148,2705,7889,-3148,2705,none
71,15937,400,7749,-3397,2826,7749,-3397,2826,none
73,16190,400,7552,-3560,2956,7552,-3560,2956,none
76,16381,400,7352,-3687,3087,7352,-3687,3087,none
78,16506,400,7160,-3780,3225,7160,-3780,3225,none
81,16595,500,7017,-3877,3351,7017,-3877,3351,none
83,16658,500,6908,-3971,3457,6908,-3971,3457,none
85,16706,500,6832,-4029,3537,6832,-4029,3537,none
87,16749,500,6790,-4056,3581,6790,-4056,3581,none
88,16784,500,6828,-3991,3581,6828,-3991,3581,none
90,16821,500,6923,-3886,3628,6923,-3886,3628,none
90,16846,500,7069,-3591,3654,7069,-3591,3654,none
91,16859,500,7233,-3238,3668,7233,-3238,3668,none
91,16862,500,7404,-2789,3664,7404,-2789,3664,none
91,16850,500,7586,-2144,3620,7586,-2144,3620,none
90,16842,500,7725,-1487,3546,7725,-1487,3546,none
89,16808,500,7771,-730,3480,7771,-730,3480,none
87,16741,500,7725,-10,3440,7725,-10,3440,none
86,16617,500,7548,769,3362,7548,769,3362,none
84,16469,500,7316,1473,3273,7316,1473,3273,none
82,16304,500,7004,2149,3182,7004,2149,3182,none
81,16139,500,6661,2711,3097,6661,2711,3097,none
80,15956,500,6247,3222,3006,6247,3222,3006,none
80,15762,500,5829,3650,2915,5829,3650,2915,none
80,15560,500,5445,3996,2826,5445,3996,2826,none
80,15351,500,5067,4256,2752,5067,4256,2752,none
79,15148,500,4723,4456,2740,4723,4456,2740,none
79,14973,500,4441,4598,2782,4441,4598,2782,none
79,14828,500,4297,4701,2856,4297,4701,2856,none
85,14677,500,4181,4750,2956,4181,4750,2956,none
66,11405,400,2957,629,9096,2957,629,9096,none
67,11443,400,3408,177,9015,3408,177,9015,none
67,11463,400,3842,-287,8898,3842,-287,8898,none
67,11468,400,4274,-790,8749,4274,-790,8749,none
66,11457,400,4640,-1230,8590,4640,-1230,8590,none
65,11431,500,4937,-1635,8395,4937,-1635,8395,none
64,11391,500,5169,-2008,8213,5169,-2008,8213,none
63,11336,500,5312,-2377,8017,5312,-2377,8017,none
62,11277,500,5393,-2721,7827,5393,-2721,7827,none
61,11215,500,5437,-3035,7687,5437,-3035,7687,none
59,11140,500,5422,-3347,7562,5422,-3347,7562,none
58,11053,500,5375,-3642,7485,5375,-3642,7485,none
79,13570,500,5571,2747,2693,5571,2747,2693,none
78,13604,500,5848,2440,2574,5848,2440,2574,none
76,13630,500,6140,2039,2415,6140,2039,2415,none
74,13662,500,6398,1609,2253,6398,1609,2253,none
72,13691,500,6650,1121,2103,6650,1121,2103,none
71,13724,500,6843,592,1934,6843,592,1934,none
69,13769,500,7000,19,1744,7000,19,1744,none
68,13837,400,7088,-586,1520,7088,-586,1520,none
66,13925,400,7109,-1222,1314,7109,-1222,1314,none
65,14039,400,7078,-1859,1103,7078,-1859,1103,none
65,14211,400,7028,-2454,891,7028,-2454,891,none
65,14445,400,6961,-2984,689,6961,-2984,689,none
66,14668,400,6938,-3371,522,6938,-3371,522,none
66,14808,400,6971,-3550,370,6971,-3550,370,none
67,14917,400,7096,-3558,349,7096,-3558,349,none
68,14996,400,7241,-3362,378,7241,-3362,378,none
69,15036,400,7373,-3039,469,7373,-3039,469,none
71,15068,400,7486,-2652,601,7486,-2652,601,none
72,15088,400,7547,-2173,717,7547,-2173,717,none
72,15126,400,7590,-1644,760,7590,-1644,760,none
73,15188,500,7603,-1119,804,7603,-1119,804,none
73,15275,500,7595,-634,853,7595,-634,853,none
74,15367,500,7574,-169,915,7574,-169,915,none
74,15463,500,7571,216,986,7571,216,986,none
74,15544,500,7540,606,1062,7540,606,1062,none
74,15606,500,7538,907,1221,7538,907,1221,none
74,15659,500,7557,1135,1355,7557,1135,1355,none
74,15722,500,7585,1331,1486,7585,1331,1486,none
75,15792,500,7634,1459,1607,7634,1459,1607,none
75,15842,500,7666,1587,1705,7666,1587,1705,none
76,15791,500,7714,1688,1782,7714,1688,1782,none
76,15812,500,7768,1806,1832,7768,1806,1832,none
77,15850,500,7835,1933,1833,7835,1933,1833,none
77,15892,500,7903,2025,1753,7903,2025,1753,none
78,15890,500,7978,2083,1670,7978,2083,1670,none
79,15946,500,8043,2104,1579,8043,2104,1579,none
80,16021,500,8086,2114,1527,8086,2114,1527,none
81,16098,500,8090,2120,1492,8090,2120,1492,none
82,16187,500,8023,2117,1422,8023,2117,1422,none
82,16296,500,7920,2138,1349,7920,2138,1349,none
83,16411,500,7775,2214,1239,7775,2214,1239,none
83,16533,500,7595,2396,1234,7595,2396,1234,none
83,16393,500,7350,2648,1255,7350,2648,1255,none
82,15822,500,7078,2907,1434,7078,2907,1434,none
80,15145,500,6844,3130,1666,6844,3130,1666,none
78,14567,500,6700,3279,1899,6700,3279,1899,none
76,14136,500,6642,3339,2092,6642,3339,2092,none
74,13837,500,6705,3285,2300,6705,3285,2300,none
73,13627,500,6785,3207,2499,6785,3207,2499,none
72,13491,500,6926,3088,2657,6926,3088,2657,none
71,13419,500,7060,2977,2786,7060,2977,2786,none
71,13411,500,7197,2867,2859,7197,2867,2859,none
72,13458,500,7389,2703,2922,7389,2703,2922,none
73,13528,500,7552,2513,2965,7552,2513,2965,none
75,13593,500,7686,2303,3002,7686,2303,3002,none
76,13641,500,7793,2046,3052,7793,2046,3052,none
77,13661,500,7911,1784,3101,7911,1784,3101,none
77,13659,400,7953,1484,3136,7953,1484,3136,none
78,13644,400,7980,1175,3206,7980,1175,3206,none
64,13932,300,7976,879,3295,7976,879,3295,none
65,13844,300,7944,631,3363,7944,631,3363,none
66,13678,300,7916,488,3378,7916,488,3378,none
82,13567,300,7858,385,3403,7858,385,3403,none
73,10693,200,7818,280,3449,7818,280,3449,none
68,13511,300,7768,157,3502,7768,157,3502,none
70,13436,300,7729,11,3562,7729,11,3562,none
72,13384,300,7680,-117,3616,7680,-117,3616,none
74,13322,300,7635,-236,3674,7635,-236,3674,none
77,13242,300,7608,-358,3744,7608,-358,3744,none
79,13138,300,7559,-447,3806,7559,-447,3806,none
82,13032,300,7528,-550,3871,7528,-550,3871,none
84,12954,300,7543,-685,3942,7543,-685,3942,none
86,12897,300,7524,-816,3957,7524,-816,3957,none
89,12871,300,7510,-979,3989,7510,-979,3989,none
92,12878,300,7509,-1127,3967,7509,-1127,3967,none
94,12913,300,7529,-1269,3953,7529,-1269,3953,none
96,12958,300,7534,-1397,3914,7534,-1397,3914,none
